-- CORE INSERT SCRIPT LABORATORY
SET FOREIGN_KEY_CHECKS = 0;

INSERT INTO users(id, username, `e-mail`, password, password_salt, first_name, last_name, created_by, updated_by) VALUES 
(1, 'admin', 'email@example.com', 'yNcf58gzTp62MaOa23THAOOj50VXmR6i8oDt/Nff4d0=', '19cLL8FFIdfomX/FW8ZSFw==', 'Admin_first_name', 'Admin_last_name', 1, 1);

INSERT INTO user_has_roles(id, user_id, role_id) VALUES 
(1, 1, 1);

INSERT INTO roles(id, name, slug) VALUES 
(1, 'Админ', 'roles.admin'),
(2, 'Лаборант', 'roles.laboratory_assistant'),
(3, 'Счетоводител', 'roles.accountant'),
(4, 'Мениджър Качество', 'roles.manager_quality');

INSERT INTO permissions(id, name, slug) VALUES 
(1, 'Всичко', 'permissions.all'),
(2, 'Вижда проби', 'permissions.show_profiles'),
(3, 'Добавя проби', 'permissions.create_profiles'),
(4, 'Редактира проби', 'permissions.edit_profiles'),
(5, 'Изтрива проби', 'permissions.delete_profiles'),
(6, 'Вижда дни', 'permissions.show_days'),
(7, 'Добавя дни', 'permissions.create_days'),
(8, 'Редактира дни', 'permissions.edit_days'),
(9, 'Изтрива дни', 'permissions.delete_days'),
(10, 'Вижда месеци', 'permissions.show_months'),
(11, 'Добавя месеци', 'permissions.create_months'),
(12, 'Редактира месеци', 'permissions.edit_months'),
(13, 'Изтрива месеци', 'permissions.delete_months'),
(14, 'Прави справки', 'permissions.create_inquiry'),
(15, 'Вижда всички потребители', 'permissions.show_users'),
(16, 'Създава потребители', 'permissions.create_users'),
(17, 'Изтрива потребители', 'permissions.delete_users'),
(18, 'Заключва потребители', 'permissions.lock_users');

INSERT INTO months(id, name, slug) VALUES
('1', 'Януари', 'months.january'),
('2', 'Февруари', 'months.february'),
('3', 'Март', 'months.march'),
('4', 'Април', 'months.april'),
('5', 'Май', 'months.may'),
('6', 'Юни', 'months.june'),
('7', 'Юли', 'months.july'),
('8', 'Август', 'months.august'),
('9', 'Септември', 'months.september'),
('10', 'Октомври', 'months.october'),
('11', 'Ноември', 'months.november'),
('12', 'Декември', 'months.december');


INSERT INTO role_has_permissions(id, role_id, permission_id) VALUES 
(1, 1, 1),
(2, 2, 2),
(3, 2, 3),
(4, 2, 4),
(5, 2, 5),
(6, 2, 6),
(7, 2, 7),
(8, 2, 8),
(9, 2, 9),
(10, 2, 10),
(11, 2, 11),
(12, 2, 12),
(13, 2, 13),
(14, 2, 14),
(16, 3, 2),
(17, 3, 6),
(18, 3, 10),
(19, 3, 14),
(20, 4, 2),
(21, 4, 6),
(22, 4, 10),
(23, 4, 14),
(24, 4, 15);


INSERT INTO profiles(name) VALUES
('1001'),
('1002'),
('1003'),
('1004'),
('1005'),
('1006'),
('1007'),
('1008'),
('1009'),
('1012'),
('1013'),
('1014'),
('1015'),
('1016'),
('1017'),
('1018'),
('1019'),
('1020'),
('1021'),
('1022'),
('1023'),
('1024'),
('1025'),
('1026'),
('1027'),
('1028'),
('1029'),
('1030'),
('1101'),
('1102'),
('1103'),
('1104'),
('1106'),
('1107'),
('1108'),
('1109'),
('2801'),
('2802'),
('2803'),
('2804'),
('2805'),
('2806'),
('2807'),
('2808'),
('2809'),
('2810'),
('2811'),
('2812'),
('2813'),
('2814'),
('2815'),
('2816'),
('3016'),
('3024'),
('3025'),
('3026'),
('3027'),
('3054'),
('3801'),
('3802'),
('3803'),
('3804'),
('3805'),
('3806'),
('3807'),
('3808'),
('3809'),
('3810'),
('3811'),
('3812'),
('3813'),
('3814'),
('3815'),
('3816'),
('3817'),
('3818'),
('3819'),
('3820'),
('3821'),
('3822'),
('3823'),
('3824'),
('3825'),
('3826'),
('3827'),
('3828'),
('3829'),
('3830'),
('3831'),
('3832'),
('3833'),
('3834'),
('3835'),
('3836'),
('3837'),
('3838'),
('3839'),
('3840'),
('3841'),
('4001'),
('4002'),
('4003'),
('4004'),
('4005'),
('4006'),
('4007'),
('4008'),
('4009'),
('4010'),
('4011'),
('4012'),
('4013'),
('4014'),
('4015'),
('4016'),
('4018'),
('5001'),
('5002'),
('5003'),
('5004'),
('5005'),
('5006'),
('5007'),
('5008'),
('5009'),
('5010'),
('5011'),
('5012'),
('5013'),
('5014'),
('5015'),
('5016'),
('5017'),
('5018'),
('5019'),
('5020'),
('5021'),
('5022'),
('5023'),
('5025'),
('5026'),
('5027'),
('5028'),
('5029'),
('5030'),
('5031'),
('5032'),
('5033'),
('5034'),
('5035'),
('5036'),
('5037'),
('5038'),
('5039'),
('5040'),
('5043'),
('5044'),
('5045'),
('5046'),
('5052'),
('5054'),
('5058'),
('5063'),
('5501'),
('5502'),
('5503'),
('5504'),
('5505'),
('5506'),
('5507'),
('5508'),
('5509'),
('5510'),
('5511'),
('5512'),
('5513'),
('5514'),
('5515'),
('5516'),
('5517'),
('5518'),
('5519'),
('5520'),
('5521'),
('5522'),
('5523'),
('6001'),
('6002'),
('6003'),
('6004'),
('6005'),
('6006'),
('6007'),
('6008'),
('6009'),
('6010'),
('6011'),
('6012'),
('6013'),
('6014'),
('6015'),
('6016'),
('6033'),
('7001'),
('7002'),
('7003'),
('7004'),
('7005'),
('7006'),
('7007'),
('7010'),
('7012'),
('7014'),
('7015'),
('7016'),
('7017'),
('7018'),
('7019'),
('7020'),
('7022'),
('7023'),
('8501'),
('50032'),
('50061'),
('50062'),
('50201'),
('50202'),
('50211'),
('50221'),
('50231'),
('50232'),
('55011'),
('55012'),
('55021'),
('55022'),
('55031'),
('55032'),
('55041'),
('55042'),
('55051'),
('55052'),
('55061'),
('55062'),
('55071'),
('55072'),
('55101'),
('55102'),
('55111'),
('55112'),
('55141'),
('55142'),
('55151'),
('55152'),
('55161'),
('55162'),
('55171'),
('55172'),
('55181'),
('55182'),
('55191'),
('55221'),
('55222'),
('55231'),
('55232'),
('55251'),
('55262'),
('55272'),
('55292'),
('60011'),
('60012'),
('60021'),
('60022'),
('60031'),
('60032'),
('60033'),
('60041'),
('60042'),
('60051'),
('60052'),
('60053'),
('60061'),
('60062'),
('60063'),
('60071'),
('60072'),
('60081'),
('60082'),
('60091'),
('60092'),
('60101'),
('60102'),
('70012'),
('70031'),
('70032'),
('70041'),
('70051'),
('70101'),
('70142'),
('70162'),
('70191'),
('70192'),
('70222'),
('0365S'),
('0484S'),
('3807А'),
('AC01'),
('FB 9008'),
('FB9002'),
('FB9003'),
('FRFS'),
('Fuji 2000'),
('K 0003'),
('K 0004'),
('K 0005'),
('K 0006'),
('K 0007'),
('K 0008'),
('K 0009'),
('K 0010'),
('K 0012'),
('K 0016'),
('K 0017'),
('K 0027'),
('K 0028'),
('K 0076'),
('K 0077'),
('K 0078'),
('K 0085'),
('K 0086'),
('K 0087'),
('K 0088'),
('K 0089'),
('K 0091'),
('K 0099'),
('K 0118'),
('K 0119'),
('K 0120'),
('K 0121'),
('K 0122'),
('K 0159'),
('K 0160'),
('K 0255'),
('K 0276'),
('K 0278'),
('K 0281'),
('K 0282'),
('K 0291'),
('K 0294'),
('K 0296'),
('K 0315'),
('K 0320'),
('K 0321'),
('K 0335'),
('K 0336'),
('K 0337'),
('K 0338'),
('K 0339'),
('K 0349'),
('K 0367'),
('K 0368'),
('K 0369'),
('K 0390'),
('K 0391'),
('K 0392'),
('K 0394'),
('K 0420'),
('K 0429'),
('K 0431'),
('K 0432'),
('K 0458'),
('K 0459'),
('K 0463'),
('K 0507'),
('K 0515'),
('K 0536'),
('K 0541'),
('K 0546'),
('K 0553'),
('K 0554'),
('K 0555'),
('K 0556'),
('K 0557'),
('K 0558'),
('K 0561'),
('K 0563'),
('K 0564'),
('K 0565'),
('K 0569'),
('K 0570'),
('K 0571'),
('K 0580'),
('K 0596'),
('K 0626'),
('K 0627'),
('K 0630'),
('K 0644'),
('K 0669'),
('K 0670'),
('K 0671'),
('K 0673'),
('K 0674'),
('K 0675'),
('K 0677'),
('K 0685'),
('K 0687'),
('K 0689'),
('K 0704'),
('K 0705'),
('K 0722'),
('K 0724'),
('K 0729'),
('K 0730'),
('K 0731'),
('K 0732'),
('K 0733'),
('K 0734'),
('K 0746'),
('K 0747'),
('K 0748'),
('K 0754'),
('K 0755'),
('K 0776'),
('K 0778'),
('K 0779'),
('K 0780'),
('K 0781'),
('K 0782'),
('K 0783'),
('K 0786'),
('K 0787'),
('K 0788'),
('K 0789'),
('K 0797'),
('K 0798'),
('K 0800'),
('K 0801'),
('K 0803-1'),
('K 0803-2'),
('K 0805-1'),
('K 0805-2'),
('K 0806-2'),
('K 0807-1'),
('K 0807-2'),
('K 0809-1'),
('K 0809-2'),
('K 0811-1'),
('K 0811-2'),
('K 0812-1'),
('K 0842'),
('K 0854'),
('K 0861'),
('K 0862'),
('K 0863'),
('K 0872'),
('K 0918'),
('K 0973'),
('K 0980'),
('K 0983'),
('K 0984'),
('K 0985'),
('K 0986'),
('K 0987'),
('K 0988'),
('K 0989'),
('K 0997-1'),
('K 0997-2'),
('K 0998-1'),
('K 0998-2'),
('K 0999-1'),
('K 0999-2'),
('K 1001-1'),
('K 1001-2'),
('K 1006'),
('K 1007'),
('K 1008'),
('K 1009'),
('K 1010'),
('K 1011'),
('K 1020'),
('K 1025'),
('K 1031'),
('K 1033'),
('K 1034'),
('K 1035'),
('K 1036'),
('K 1037'),
('K 1038'),
('K 1065'),
('K 1067'),
('K 1084'),
('K 1105'),
('K 1111'),
('K 1113'),
('K 1115'),
('K 1116'),
('K 1117'),
('K 1125'),
('K 1126'),
('K 1127'),
('K 1129'),
('K 1130'),
('K 1158'),
('K 1161-1'),
('K 1161-2'),
('K 1162-1'),
('K 1162-2'),
('K 1163-1'),
('K 1163-2'),
('K 1165-1'),
('K 1165-2'),
('K 1166-1'),
('K 1166-2'),
('K 1166-3'),
('K 1167-1'),
('K 1167-2'),
('K 1168-1'),
('K 1168-2'),
('K 1169-1'),
('K 1169-2'),
('K 1170'),
('K 1171'),
('K 1177'),
('K 1184'),
('K 1185'),
('K 1186'),
('K 1198'),
('K 1207'),
('K 1209'),
('K 1210'),
('K 1211'),
('K 1212'),
('K 1219'),
('K 1231'),
('K 1234'),
('K 1240'),
('K 1241'),
('K 1249'),
('K 1250'),
('K 1263'),
('K 1264'),
('K 1265'),
('K 1266'),
('K 1267'),
('K 1268'),
('K 1278'),
('K 1279'),
('K 1284'),
('K 1315'),
('K 1316'),
('K 1336'),
('K 1337'),
('K 1365'),
('K 1377'),
('K 1383'),
('K 1389'),
('K 1390'),
('K 1392'),
('K 1393'),
('K 1420'),
('K 1442'),
('K 1450'),
('K 1495'),
('K 1496'),
('K 1497'),
('K 1498'),
('K 1500'),
('K 1525'),
('K 1530'),
('K 1555'),
('K 1556'),
('K 1557'),
('K 1585'),
('K 1586'),
('K 1587'),
('K 1603'),
('K 1639'),
('K 1640'),
('K 1641'),
('K 1648'),
('K 1669'),
('K 1671'),
('K 1672'),
('K 1673И'),
('K 1674'),
('K 1675И'),
('K 1680'),
('K 1682'),
('K 1683'),
('K 1684'),
('K 1685'),
('K 1698'),
('K 1700И'),
('K 1701'),
('K 1736'),
('K 1750'),
('K 1751'),
('K 1755'),
('K 1757'),
('K 1762'),
('K 1763'),
('K 1766И'),
('K 1769'),
('K 1770'),
('K 1806'),
('K 1870'),
('K 1871'),
('K 1872'),
('K 1879'),
('K 1896'),
('K 1898'),
('K 1899'),
('K 1900'),
('K 1907'),
('K 1908'),
('K 1909'),
('K 1910'),
('K 1911'),
('K 1912'),
('K 1913'),
('K 1924И'),
('K 1973'),
('K 1974'),
('K 2029'),
('K 2030'),
('K 2090'),
('K 2132'),
('K 2170'),
('K 2172'),
('K 2173'),
('K 2174'),
('K 2177'),
('K 2182'),
('K 2183'),
('K 2194'),
('K 2195'),
('K 2196'),
('K 2197'),
('K 2202'),
('K 2203'),
('K 2204'),
('K 2205'),
('K 2209'),
('K 2210'),
('K 2233'),
('K 2234'),
('K 2240'),
('K 2292'),
('K 2293'),
('K 2298'),
('K 2303'),
('K 2307'),
('K 2312'),
('K 2366'),
('K 2367'),
('K 2390'),
('K 2407'),
('K 2409'),
('K 2410'),
('K 2417'),
('K 2511'),
('K 2512'),
('K 25541'),
('K 25542'),
('K 2582'),
('K 2589'),
('K 2590'),
('K 771125'),
('K 771127'),
('K 771129'),
('K 771210'),
('K 771334'),
('K 771740'),
('K0001'),
('K0002'),
('K0003'),
('K0004'),
('K0005'),
('K0006'),
('K0007'),
('K0008'),
('K0009'),
('K0010'),
('K0012'),
('K0013'),
('K0016'),
('K0017'),
('K0028'),
('K0043'),
('K0044'),
('K0076'),
('K0077'),
('K0078'),
('K0085'),
('K0086'),
('K0087'),
('K0088'),
('K0089'),
('K0091'),
('K0093'),
('K0094'),
('K0096'),
('K0118'),
('K0119'),
('K0120'),
('K0121'),
('K0122'),
('K0159'),
('K0160'),
('K0259'),
('K0260'),
('K0276'),
('K0278'),
('K0281'),
('K0282'),
('K0291'),
('K0294'),
('K0296'),
('K0307'),
('K0308'),
('K0317'),
('K0318'),
('K0319'),
('K0320'),
('K0321'),
('K0336'),
('K0337'),
('K0338'),
('K0339'),
('K0349'),
('K0367'),
('K0368'),
('K0369'),
('K0378'),
('K0390'),
('K0391'),
('K0392'),
('K0394'),
('K0420'),
('K0426'),
('K0428'),
('K0431'),
('K0432'),
('K0463'),
('K0495'),
('K0496'),
('K0507'),
('K0508'),
('K0541'),
('K0543'),
('K0546'),
('K0553'),
('K0554'),
('K0555'),
('K0556'),
('K0557'),
('K0563'),
('K0564'),
('K0565'),
('K0569'),
('K0570'),
('K0571'),
('K0573'),
('K0580'),
('K0581'),
('K0582'),
('K0596'),
('K0599'),
('K0600'),
('K0626'),
('K0627'),
('K0630'),
('K0644'),
('K0663'),
('K0669'),
('K0670'),
('K0671'),
('K0673'),
('K0674'),
('K0675'),
('K0676'),
('K0677'),
('K0685'),
('K0708'),
('K0709'),
('K0710'),
('K0724'),
('K0729'),
('K0730'),
('k0731'),
('K0732'),
('K0733'),
('K0734'),
('K0746'),
('K0747'),
('K0748'),
('K0776'),
('K0778'),
('K0779'),
('K0786'),
('K0787'),
('K0788'),
('K0789'),
('K0797'),
('K0798'),
('K0800'),
('K0801'),
('K0803-1'),
('K0803-2'),
('K0805-1'),
('K0805-2'),
('K0806-2'),
('K0807-1'),
('K0807-2'),
('K0809-1'),
('K0809-2'),
('K0811-1'),
('K0811-2'),
('K0812-1'),
('K0835'),
('K0836'),
('K0838'),
('K0839'),
('K0854'),
('K0861'),
('K0862'),
('K0863'),
('K0872'),
('K0918'),
('K0926'),
('K0927'),
('K0928'),
('K0929'),
('K0930'),
('K0931'),
('K0932'),
('K0976'),
('K0977'),
('K0980'),
('K0983'),
('K0984'),
('K0985'),
('K0986'),
('K0988'),
('K0989'),
('K0997-1'),
('K0997-2'),
('K0998-1'),
('K0998-2'),
('K1006'),
('K1007'),
('K1008'),
('K1009'),
('K1020'),
('K1022'),
('K1023'),
('K1024'),
('K1025'),
('K1026'),
('K1030'),
('K1031'),
('K1032'),
('K1033'),
('K1034'),
('K1035'),
('K1036'),
('K1037'),
('K1041'),
('K1065'),
('K1067'),
('K1072'),
('K1084'),
('K1100'),
('K1101'),
('K1102'),
('K1111'),
('K1112'),
('K1113'),
('K1114'),
('k1115'),
('K1116'),
('K1117'),
('K1125'),
('K1126'),
('K1127'),
('K1128'),
('K1129'),
('K1130'),
('K1134'),
('K1161-1'),
('K1161-2'),
('K1162-1'),
('K1162-2'),
('K1163-1'),
('K1163-2'),
('K1164-2'),
('K1165-1'),
('K1165-2'),
('K1167-1'),
('K1167-2'),
('K1168-1'),
('K1168-2'),
('K1170'),
('K1171'),
('K1177'),
('K1186'),
('K1234'),
('K1240'),
('K1263'),
('K1264'),
('K1265'),
('K1266'),
('K1267'),
('K1268'),
('K1278'),
('K1284'),
('K1295'),
('K1296'),
('K1297'),
('K1323'),
('K1324'),
('K1325'),
('K1334'),
('K1335'),
('K1336'),
('K1337'),
('K1387'),
('K1388'),
('K1390'),
('K1392'),
('K1394'),
('K1406'),
('K1407'),
('K1442'),
('K1461'),
('K1462'),
('K1463'),
('K1464'),
('K1468'),
('K1472'),
('K1473'),
('K1492'),
('K1493'),
('K1498'),
('K1502'),
('K1503'),
('K1504'),
('K1505'),
('K1507'),
('K1508'),
('K1509'),
('K1510'),
('K1511'),
('K1512'),
('K1513'),
('K1514'),
('K1515'),
('K1525'),
('K1530'),
('K1531'),
('K1538'),
('K1539'),
('K1554'),
('K1555'),
('K1556'),
('K1557'),
('K1585'),
('K1586'),
('K1587'),
('K1648'),
('K1739'),
('K1907'),
('K1908'),
('K1909'),
('K1910'),
('K1911'),
('K1912'),
('K1913'),
('K2447'),
('K2491'),
('K2534'),
('K2620'),
('K771125'),
('K771212'),
('K771214'),
('L 6001'),
('L 6002'),
('L 6003'),
('L 6004'),
('L 6012'),
('L1101'),
('L1102'),
('L1103'),
('L1104'),
('L6001'),
('L6002'),
('L6003'),
('L6004'),
('OT 8001'),
('OT 8002'),
('OT 8003'),
('OT 8004'),
('OT 8006'),
('OT 8007'),
('OT 8008'),
('OT 8009'),
('OT 8010'),
('OT 8011'),
('OT 8018'),
('OT 8028'),
('OT 8030'),
('OT1105'),
('OT1106'),
('OT1108'),
('OT1109'),
('OT8001'),
('OT8002'),
('OT8003'),
('OT8004'),
('OT8006'),
('OT8007'),
('OT8008'),
('OT8009'),
('OT8010'),
('OT8011'),
('RB9501'),
('RT7503'),
('RT7504'),
('RT7505'),
('RT7506'),
('ST 8501'),
('ST 8502'),
('ST 8503'),
('ST 8504'),
('ST 8505'),
('ST 8506'),
('ST 8507'),
('ST 8508'),
('ST 8509'),
('ST 8513'),
('ST 8516'),
('ST 8518'),
('ST1107'),
('ST8501'),
('ST8502'),
('ST8503'),
('ST8504'),
('ST8505'),
('ST8507'),
('ST8508'),
('ST8509');

INSERT INTO profile_has_lengths_perimeter(profile_id, length, perimeter, created_by, updated_by) VALUES 
(1	, 6000	, 92, 1, 1),
(2	, 6000	, 139, 1, 1),
(3	, 6000	, 305, 1, 1),
(4	, 6000	, 346, 1, 1),
(5	, 6000	, 363, 1, 1),
(6	, 6000	, 346, 1, 1),
(6	, 6500	, 346, 1, 1),
(6	, 7000	, 346, 1, 1),
(7	, 6000	, 384, 1, 1),
(7	, 6300	, 384, 1, 1),
(7	, 6500	, 384, 1, 1),
(7	, 7000	, 384, 1, 1),
(8	, 6300	, 424, 1, 1),
(8	, 6000	, 424, 1, 1),
(8	, 6700	, 424, 1, 1),
(9	, 6300	, 464, 1, 1),
(9	, 6000	, 464, 1, 1),
(9	, 6700	, 464, 1, 1),
(10	, 6000	, 303, 1, 1),
(11	, 6000	, 117, 1, 1),
(12	, 6300	, 503, 1, 1),
(12	, 6000	, 503, 1, 1),
(12	, 6600	, 503, 1, 1),
(13	, 6000	, 227, 1, 1),
(13	, 6300	, 227, 1, 1),
(14	, 6300	, 265, 1, 1),
(14	, 6000	, 265, 1, 1),
(15	, 6300	, 305, 1, 1),
(16	, 6300	, 345, 1, 1),
(16	, 6000	, 345, 1, 1),
(17	, 6000	, 92, 1, 1),
(17	, 7000	, 92, 1, 1),
(18	, 6000	, 560, 1, 1),
(19	, 6000	, 600, 1, 1),
(20	, 6000	, 660, 1, 1),
(21	, 6000	, 700, 1, 1),
(22	, 6000	, 231, 1, 1),
(22	, 6500	, 231, 1, 1),
(22	, 7000	, 231, 1, 1),
(22	, 5000	, 231, 1, 1),
(23	, 6000	, 144, 1, 1),
(23	, 6500	, 144, 1, 1),
(24	, 6000	, 334, 1, 1),
(25	, 6000	, 448, 1, 1),
(26	, 6000	, 147, 1, 1),
(26	, 6500	, 147, 1, 1),
(26	, 4800	, 147, 1, 1),
(26	, 4700	, 147, 1, 1),
(26	, 4550	, 147, 1, 1),
(26	, 4500	, 147, 1, 1),
(26	, 4250	, 147, 1, 1),
(26	, 7000	, 147, 1, 1),
(26	, 5700	, 147, 1, 1),
(26	, 6100	, 147, 1, 1),
(26	, 3950	, 147, 1, 1),
(26	, 4900	, 147, 1, 1),
(26	, 3680	, 147, 1, 1),
(26	, 3850	, 147, 1, 1),
(26	, 4170	, 147, 1, 1),
(26	, 4210	, 147, 1, 1),
(26	, 5350	, 147, 1, 1),
(26	, 5800	, 147, 1, 1),
(26	, 6380	, 147, 1, 1),
(26	, 6520	, 147, 1, 1),
(26	, 5900	, 147, 1, 1),
(26	, 6420	, 147, 1, 1),
(26	, 6680	, 147, 1, 1),
(26	, 6720	, 147, 1, 1),
(26	, 6200	, 147, 1, 1),
(26	, 5000	, 147, 1, 1),
(26	, 5500	, 147, 1, 1),
(26	, 5200	, 147, 1, 1),
(26	, 6770	, 147, 1, 1),
(26	, 6390	, 147, 1, 1),
(26	, 6300	, 147, 1, 1),
(27	, 6300	, 584, 1, 1),
(28	, 6300	, 683, 1, 1),
(29	, 6000	, 80, 1, 1),
(30	, 6000	, 120, 1, 1),
(30	, 5500	, 120, 1, 1),
(30	, 5000	, 120, 1, 1),
(31	, 6000	, 160, 1, 1),
(32	, 6000	, 160, 1, 1),
(33	, 6000	, 160, 1, 1),
(34	, 6000	, 160, 1, 1),
(34	, 6500	, 160, 1, 1),
(35	, 6000	, 200, 1, 1),
(35	, 6600	, 200, 1, 1),
(35	, 7000	, 200, 1, 1),
(35	, 4700	, 200, 1, 1),
(35	, 4500	, 200, 1, 1),
(35	, 5300	, 200, 1, 1),
(36	, 6000	, 240, 1, 1),
(36	, 5500	, 240, 1, 1),
(36	, 6200	, 240, 1, 1),
(37	, 6000	, 182, 1, 1),
(37	, 7000	, 182, 1, 1),
(38	, 6000	, 227, 1, 1),
(38	, 6500	, 227, 1, 1),
(38	, 7000	, 227, 1, 1),
(39	, 6000	, 333, 1, 1),
(39	, 6500	, 333, 1, 1),
(40	, 6000	, 241, 1, 1),
(41	, 6000	, 187, 1, 1),
(41	, 6500	, 187, 1, 1),
(42	, 6000	, 80, 1, 1),
(43	, 6000	, 121, 1, 1),
(44	, 6000	, 143, 1, 1),
(45	, 6000	, 144, 1, 1),
(46	, 6000	, 307, 1, 1),
(47	, 6000	, 155, 1, 1),
(48	, 6000	, 353, 1, 1),
(48	, 6400	, 353, 1, 1),
(49	, 6000	, 182, 1, 1),
(50	, 6000	, 134, 1, 1),
(51	, 6000	, 388, 1, 1),
(51	, 6500	, 388, 1, 1),
(52	, 6000	, 388, 1, 1),
(53	, NULL	, NULL, 1, 1),
(54	, NULL	, NULL, 1, 1),
(55	, NULL	, NULL, 1, 1),
(56	, NULL	, NULL, 1, 1),
(57	, NULL	, NULL, 1, 1),
(58	, NULL	, NULL, 1, 1),
(59	, 6010	, 280, 1, 1),
(59	, 6000	, 280, 1, 1),
(59	, 6100	, 280, 1, 1),
(59	, 6400	, 280, 1, 1),
(59	, 6500	, 280, 1, 1),
(60	, 6000	, 308, 1, 1),
(61	, 6000	, 329, 1, 1),
(62	, 6000	, 371, 1, 1),
(62	, 6300	, 371, 1, 1),
(63	, 6000	, 371, 1, 1),
(63	, 6500	, 371, 1, 1),
(63	, 5550	, 371, 1, 1),
(63	, 5200	, 371, 1, 1),
(63	, 4890	, 371, 1, 1),
(63	, 6020	, 371, 1, 1),
(63	, 5110	, 371, 1, 1),
(63	, 6460	, 371, 1, 1),
(63	, 6680	, 371, 1, 1),
(63	, 6870	, 371, 1, 1),
(63	, 5400	, 371, 1, 1),
(63	, 6600	, 371, 1, 1),
(64	, 6000	, 348, 1, 1),
(65	, 6000	, 347, 1, 1),
(66	, 6000	, 385, 1, 1),
(66	, 6500	, 385, 1, 1),
(66	, 6290	, 385, 1, 1),
(67	, 6000	, 167, 1, 1),
(68	, 6000	, 178, 1, 1),
(69	, 6000	, 239, 1, 1),
(70	, 6000	, 341, 1, 1),
(70	, 6500	, 341, 1, 1),
(70	, 4420	, 341, 1, 1),
(70	, 4220	, 341, 1, 1),
(70	, 3350	, 341, 1, 1),
(70	, 4780	, 341, 1, 1),
(70	, 4810	, 341, 1, 1),
(70	, 4880	, 341, 1, 1),
(70	, 6710	, 341, 1, 1),
(70	, 6600	, 341, 1, 1),
(71	, 6000	, 158, 1, 1),
(71	, 5130	, 158, 1, 1),
(71	, 4510	, 158, 1, 1),
(71	, 7000	, 158, 1, 1),
(72	, 6000	, 126, 1, 1),
(73	, 6000	, 143, 1, 1),
(73	, 6000	, 126, 1, 1),
(74	, 6000	, 93, 1, 1),
(74	, 5000	, 93, 1, 1),
(75	, 6000	, 128, 1, 1),
(76	, 6000	, 146, 1, 1),
(76	, 6500	, 146, 1, 1),
(77	, 6000	, 151, 1, 1),
(78	, 6000	, 182, 1, 1),
(79	, 6000	, 79, 1, 1),
(80	, 6010	, 261, 1, 1),
(80	, 6300	, 261, 1, 1),
(80	, 6500	, 261, 1, 1),
(80	, 6000	, 261, 1, 1),
(80	, 3880	, 261, 1, 1),
(80	, 4390	, 261, 1, 1),
(80	, 5040	, 261, 1, 1),
(80	, 5500	, 261, 1, 1),
(80	, 6080	, 261, 1, 1),
(80	, 5780	, 261, 1, 1),
(80	, 6320	, 261, 1, 1),
(80	, 4590	, 261, 1, 1),
(80	, 5250	, 261, 1, 1),
(80	, 5840	, 261, 1, 1),
(81	, 6000	, 330, 1, 1),
(82	, 6000	, 276, 1, 1),
(82	, 6500	, 276, 1, 1),
(83	, 6000	, 50, 1, 1),
(84	, 6000	, 152, 1, 1),
(85	, 6000	, 174, 1, 1),
(85	, 6500	, 174, 1, 1),
(85	, 5620	, 174, 1, 1),
(85	, 5280	, 174, 1, 1),
(85	, 4450	, 174, 1, 1),
(85	, 4000	, 174, 1, 1),
(85	, 6800	, 174, 1, 1),
(85	, 5900	, 174, 1, 1),
(85	, 6200	, 174, 1, 1),
(85	, 5370	, 174, 1, 1),
(85	, 4650	, 174, 1, 1),
(85	, 6975	, 174, 1, 1),
(85	, 6675	, 174, 1, 1),
(85	, 5400	, 174, 1, 1),
(86	, 6000	, 214, 1, 1),
(86	, 6150	, 214, 1, 1),
(86	, 6600	, 214, 1, 1),
(86	, 6100	, 214, 1, 1),
(86	, 5500	, 214, 1, 1),
(86	, 5200	, 214, 1, 1),
(87	, 6000	, 264, 1, 1),
(88	, 6000	, 191, 1, 1),
(89	, 6000	, 76, 1, 1),
(89	, 6500	, 76, 1, 1),
(90	, 6000	, 368, 1, 1),
(90	, 6010	, 368, 1, 1),
(90	, 6500	, 368, 1, 1),
(91	, 6000	, 353, 1, 1),
(91	, 6500	, 353, 1, 1),
(91	, 6010	, 353, 1, 1),
(91	, 6300	, 353, 1, 1),
(92	, 6000	, 161, 1, 1),
(93	, 6000	, 287, 1, 1),
(94	, 6000	, 144, 1, 1),
(94	, 6500	, 144, 1, 1),
(95	, 6000	, 185, 1, 1),
(95	, 6500	, 185, 1, 1),
(96	, 6000	, 485, 1, 1),
(97	, 6000	, 349, 1, 1),
(98	, 6000	, 170, 1, 1),
(99	, 6000	, 256, 1, 1),
(100	, 6000	, 246, 1, 1),
(101	, 6000	, 219, 1, 1),
(102	, 6000	, 258, 1, 1),
(103	, 6000	, 569, 1, 1),
(104	, 6000	, 143, 1, 1),
(105	, 6000	, 518, 1, 1),
(105	, 6300	, 518, 1, 1),
(106	, 6000	, 176, 1, 1),
(107	, 6000	, 217, 1, 1),
(108	, 6000	, 357, 1, 1),
(109	, 6000	, 407, 1, 1),
(110	, 6500	, 239, 1, 1),
(110	, 5000	, 239, 1, 1),
(111	, 6000	, 156, 1, 1),
(112	, 6000	, 359, 1, 1),
(113	, 6000	, 317, 1, 1),
(114	, 6000	, 279, 1, 1),
(115	, 6000	, 237, 1, 1),
(116	, 6100	, 160, 1, 1),
(117	, 6000	, 395, 1, 1),
(117	, 5200	, 395, 1, 1),
(117	, 5100	, 395, 1, 1),
(117	, 4700	, 395, 1, 1),
(117	, 4000	, 395, 1, 1),
(117	, 6200	, 395, 1, 1),
(117	, 5000	, 395, 1, 1),
(117	, 4400	, 395, 1, 1),
(117	, 5400	, 395, 1, 1),
(117	, 6500	, 395, 1, 1),
(117	, 6600	, 395, 1, 1),
(117	, 7000	, 395, 1, 1),
(117	, 6300	, 395, 1, 1),
(118	, 6000	, 495, 1, 1),
(118	, 6500	, 495, 1, 1),
(118	, 6800	, 495, 1, 1),
(118	, 3700	, 495, 1, 1),
(118	, 4300	, 495, 1, 1),
(118	, 5500	, 495, 1, 1),
(118	, 6700	, 495, 1, 1),
(118	, 5000	, 495, 1, 1),
(118	, 6300	, 495, 1, 1),
(118	, 4000	, 495, 1, 1),
(118	, 3500	, 495, 1, 1),
(118	, 6400	, 495, 1, 1),
(118	, 7000	, 495, 1, 1),
(118	, 4500	, 495, 1, 1),
(118	, 3600	, 495, 1, 1),
(118	, 5100	, 495, 1, 1),
(118	, 4200	, 495, 1, 1),
(118	, 6600	, 495, 1, 1),
(118	, 3000	, 495, 1, 1),
(118	, 6200	, 495, 1, 1),
(118	, 4100	, 495, 1, 1),
(118	, 6850	, 495, 1, 1),
(118	, 4400	, 495, 1, 1),
(118	, 4250	, 495, 1, 1),
(118	, 5200	, 495, 1, 1),
(118	, 5700	, 495, 1, 1),
(118	, 4700	, 495, 1, 1),
(118	, 3800	, 495, 1, 1),
(119	, 6500	, 218, 1, 1),
(119	, 6000	, 218, 1, 1),
(119	, 5000	, 218, 1, 1),
(120	, 4000	, 316, 1, 1),
(120	, 4150	, 316, 1, 1),
(120	, 4400	, 316, 1, 1),
(120	, 5000	, 316, 1, 1),
(120	, 6000	, 316, 1, 1),
(120	, 6150	, 316, 1, 1),
(120	, 6300	, 316, 1, 1),
(120	, 6500	, 316, 1, 1),
(120	, 6600	, 316, 1, 1),
(120	, 6800	, 316, 1, 1),
(120	, 6900	, 316, 1, 1),
(120	, 7000	, 316, 1, 1),
(121	, 6500	, 416, 1, 1),
(121	, 6000	, 416, 1, 1),
(121	, 6400	, 416, 1, 1),
(121	, 6600	, 416, 1, 1),
(121	, 4000	, 416, 1, 1),
(121	, 5500	, 416, 1, 1),
(121	, 5000	, 416, 1, 1),
(121	, 5200	, 416, 1, 1),
(121	, 6450	, 416, 1, 1),
(121	, 4450	, 416, 1, 1),
(121	, 3500	, 416, 1, 1),
(121	, 7000	, 416, 1, 1),
(121	, 3600	, 416, 1, 1),
(121	, 5400	, 416, 1, 1),
(121	, 4200	, 416, 1, 1),
(121	, 4400	, 416, 1, 1),
(121	, 4500	, 416, 1, 1),
(121	, 3000	, 416, 1, 1),
(121	, 5100	, 416, 1, 1),
(121	, 4700	, 416, 1, 1),
(122	, 6000	, 202, 1, 1),
(122	, 7000	, 202, 1, 1),
(122	, 4000	, 202, 1, 1),
(122	, 5000	, 144, 1, 1),
(123	, 6000	, 155, 1, 1),
(123	, 6500	, 155, 1, 1),
(123	, 7000	, 155, 1, 1),
(123	, 6600	, 155, 1, 1),
(123	, 6800	, 155, 1, 1),
(123	, 6450	, 155, 1, 1),
(124	, 6000	, 162, 1, 1),
(125	, 6000	, 65, 1, 1),
(126	, 6000	, 55, 1, 1),
(127	, 6000	, 84, 1, 1),
(128	, 6000	, 83, 1, 1),
(129	, 6000	, 238, 1, 1),
(130	, 6000	, 108, 1, 1),
(131	, 6500	, 579, 1, 1),
(131	, 4100	, 579, 1, 1),
(131	, 7000	, 579, 1, 1),
(131	, 4500	, 579, 1, 1),
(131	, 4700	, 579, 1, 1),
(131	, 6000	, 579, 1, 1),
(131	, 4000	, 579, 1, 1),
(131	, 4400	, 579, 1, 1),
(131	, 6800	, 579, 1, 1),
(131	, 5500	, 579, 1, 1),
(131	, 4200	, 579, 1, 1),
(131	, 6200	, 579, 1, 1),
(131	, 6600	, 579, 1, 1),
(131	, 5400	, 579, 1, 1),
(131	, 5000	, 579, 1, 1),
(131	, 5800	, 579, 1, 1),
(131	, 6400	, 579, 1, 1),
(131	, 4030	, 579, 1, 1),
(131	, 5200	, 579, 1, 1),
(131	, 6850	, 579, 1, 1),
(131	, 6450	, 579, 1, 1),
(131	, 3200	, 579, 1, 1),
(131	, 5100	, 579, 1, 1),
(131	, 4800	, 579, 1, 1),
(131	, 5600	, 579, 1, 1),
(131	, 3800	, 579, 1, 1),
(131	, 3700	, 579, 1, 1),
(131	, 3500	, 579, 1, 1),
(132	, 6000	, 251, 1, 1),
(133	, 6000	, 151, 1, 1),
(134	, 6000	, 557, 1, 1),
(134	, 6800	, 557, 1, 1),
(134	, 4000	, 557, 1, 1),
(134	, 3600	, 557, 1, 1),
(134	, 5400	, 557, 1, 1),
(134	, 3500	, 557, 1, 1),
(134	, 5000	, 557, 1, 1),
(134	, 6700	, 557, 1, 1),
(134	, 3000	, 557, 1, 1),
(134	, 4600	, 557, 1, 1),
(134	, 6500	, 557, 1, 1),
(134	, 4500	, 557, 1, 1),
(134	, 4400	, 557, 1, 1),
(134	, 7000	, 557, 1, 1),
(134	, 5100	, 557, 1, 1),
(134	, 4200	, 557, 1, 1),
(134	, 4300	, 557, 1, 1),
(134	, 5600	, 557, 1, 1),
(134	, 6400	, 557, 1, 1),
(134	, 3300	, 557, 1, 1),
(134	, 7100	, 557, 1, 1),
(135	, 6000	, 740, 1, 1),
(136	, 6500	, 392, 1, 1),
(137	, 6000	, 299, 1, 1),
(137	, 6500	, 299, 1, 1),
(138	, 6500	, 383, 1, 1),
(139	, 6500	, 319, 1, 1),
(140	, 6000	, 62, 1, 1),
(140	, 6500	, 62, 1, 1),
(140	, 5000	, 62, 1, 1),
(141	, 6000	, 415, 1, 1),
(141	, 6500	, 415, 1, 1),
(142	, 6000	, 76, 1, 1),
(143	, 6000	, 296, 1, 1),
(143	, 5000	, 296, 1, 1),
(143	, 6500	, 296, 1, 1),
(144	, 6000	, 72, 1, 1),
(144	, 5000	, 72, 1, 1),
(144	, 6500	, 72, 1, 1),
(145	, 6000	, 173, 1, 1),
(145	, 6500	, 173, 1, 1),
(146	, 6000	, 69, 1, 1),
(147	, 6000	, 94, 1, 1),
(148	, 6000	, 107, 1, 1),
(149	, 6000	, 119, 1, 1),
(150	, 5000	, 208, 1, 1),
(150	, 6300	, 208, 1, 1),
(150	, 5200	, 208, 1, 1),
(150	, 6500	, 208, 1, 1),
(150	, 6000	, 208, 1, 1),
(150	, 4500	, 208, 1, 1),
(150	, 7000	, 208, 1, 1),
(150	, 6200	, 208, 1, 1),
(150	, 4000	, 208, 1, 1),
(151	, 6000	, 296, 1, 1),
(151	, 6500	, 296, 1, 1),
(152	, 6000	, 167, 1, 1),
(152	, 6500	, 167, 1, 1),
(153	, 6000	, 394, 1, 1),
(154	, 6000	, 218, 1, 1),
(155	, 6000	, 454, 1, 1),
(156	, 6000	, 306, 1, 1),
(156	, 6500	, 306, 1, 1),
(157	, 6000	, 407, 1, 1),
(158	, 7000	, 428, 1, 1),
(158	, 5200	, 427, 1, 1),
(159	, 6000	, 557, 1, 1),
(160	, 6000	, 667, 1, 1),
(161	, 6500	, 588, 1, 1),
(162	, 7000	, 170, 1, 1),
(162	, 6000	, 170, 1, 1),
(162	, 4000	, 170, 1, 1),
(163	, 7000	, 155, 1, 1),
(163	, 6000	, 155, 1, 1),
(164	, 6500	, 344, 1, 1),
(164	, 5300	, 344, 1, 1),
(164	, 5500	, 344, 1, 1),
(164	, 6000	, 344, 1, 1),
(164	, 6100	, 344, 1, 1),
(164	, 7000	, 344, 1, 1),
(165	, 6500	, 391, 1, 1),
(166	, 6500	, 433, 1, 1),
(167	, 6500	, 468, 1, 1),
(167	, 6000	, 468, 1, 1),
(168	, 6500	, 400, 1, 1),
(168	, 6000	, 400, 1, 1),
(168	, 6800	, 400, 1, 1),
(168	, 6700	, 400, 1, 1),
(168	, 5900	, 400, 1, 1),
(169	, 6500	, 349, 1, 1),
(169	, 6000	, 349, 1, 1),
(170	, 6500	, 142, 1, 1),
(171	, 6500	, 137, 1, 1),
(171	, 6000	, 137, 1, 1),
(171	, 6500	, 137, 1, 1),
(172	, 6000	, 68, 1, 1),
(172	, 6500	, 68, 1, 1),
(172	, 6000	, 68, 1, 1),
(173	, 6500	, 258, 1, 1),
(174	, 6500	, 253, 1, 1),
(175	, 6500	, 58, 1, 1),
(176	, 6500	, 92, 1, 1),
(177	, 6500	, 372, 1, 1),
(178	, 6500	, 460, 1, 1),
(179	, 6500	, 481, 1, 1),
(180	, 6500	, 403, 1, 1),
(180	, 6000	, 403, 1, 1),
(181	, 6500	, 418, 1, 1),
(182	, 6500	, 453, 1, 1),
(183	, 6500	, 400, 1, 1),
(184	, 6500	, 110, 1, 1),
(184	, 6000	, 110, 1, 1),
(185	, 6500	, 381, 1, 1),
(186	, 6500	, 438, 1, 1),
(187	, 6000	, 351, 1, 1),
(187	, 6500	, 351, 1, 1),
(188	, 6000	, 338, 1, 1),
(188	, 6500	, 338, 1, 1),
(189	, 6500	, 592, 1, 1),
(189	, 5000	, 592, 1, 1),
(189	, 7000	, 592, 1, 1),
(189	, 6000	, 592, 1, 1),
(190	, 6500	, 645, 1, 1),
(191	, 6500	, 963, 1, 1),
(192	, 6500	, 556, 1, 1),
(192	, 6000	, 556, 1, 1),
(193	, 6500	, 508, 1, 1),
(194	, 6500	, 205, 1, 1),
(195	, 6500	, 458, 1, 1),
(195	, 6000	, 458, 1, 1),
(196	, 6500	, 336, 1, 1),
(197	, 6500	, 213, 1, 1),
(197	, 6000	, 213, 1, 1),
(198	, 6500	, 168, 1, 1),
(198	, 7000	, 168, 1, 1),
(198	, 6000	, 168, 1, 1),
(199	, 6000	, 162, 1, 1),
(199	, 6500	, 162, 1, 1),
(200	, 6000	, 206, 1, 1),
(200	, 6500	, 206, 1, 1),
(201	, 6500	, 322, 1, 1),
(201	, 6000	, 322, 1, 1),
(202	, 6000	, 64, 1, 1),
(202	, 6500	, 64, 1, 1),
(203	, 6500	, 0, 1, 1),
(204	, 6500	, 382, 1, 1),
(204	, 7000	, 382, 1, 1),
(204	, 4500	, 382, 1, 1),
(204	, 4000	, 382, 1, 1),
(204	, 6000	, 382, 1, 1),
(205	, 6500	, 410, 1, 1),
(206	, 6500	, 472, 1, 1),
(207	, 6500	, 510, 1, 1),
(208	, 6500	, 439, 1, 1),
(209	, 6500	, 379, 1, 1),
(210	, 6500	, 181, 1, 1),
(211	, 6500	, 317, 1, 1),
(212	, 6500	, 100, 1, 1),
(213	, 6500	, 415, 1, 1),
(214	, 6500	, 490, 1, 1),
(215	, 6500	, 375, 1, 1),
(216	, 6500	, 437, 1, 1),
(216	, 6000	, 437, 1, 1),
(217	, 6500	, 448, 1, 1),
(218	, 6500	, 482, 1, 1),
(218	, 6000	, 482, 1, 1),
(219	, 6500	, 439, 1, 1),
(220	, 6500	, 406, 1, 1),
(220	, 5000	, 406, 1, 1),
(221	, 6500	, 457, 1, 1),
(222	, 6000	, 246, 1, 1),
(223	, 6500	, 218, 1, 1),
(224	, 6500	, 74, 1, 1),
(225	, 6500	, 70, 1, 1),
(226	, 6500	, 179, 1, 1),
(227	, 6500	, 249, 1, 1),
(228	, 6500	, NULL, 1, 1),
(228	, 6500	, 102, 1, 1),
(229	, 6500	, 147, 1, 1),
(230	, 6500	, 131, 1, 1),
(231	, 6500	, NULL, 1, 1),
(231	, 6500	, 224, 1, 1),
(232	, 5500	, 173.538461538462, 1, 1),
(232	, 6500	, 173.538461538462, 1, 1),
(232	, 6500	, 174, 1, 1),
(232	, 6700	, 174, 1, 1),
(232	, 6500	, 188, 1, 1),
(232	, 4400	, 188, 1, 1),
(233	, 6500	, 167.076923076923, 1, 1),
(233	, 5500	, 167.076923076923, 1, 1),
(233	, 6500	, 167, 1, 1),
(233	, 6700	, 167, 1, 1),
(233	, 6500	, 181, 1, 1),
(233	, 4400	, 181, 1, 1),
(234	, 6500	, 152.307692307692, 1, 1),
(234	, 6500	, 152, 1, 1),
(234	, 6500	, 165, 1, 1),
(235	, 6500	, 230.769230769231, 1, 1),
(235	, 6500	, 231, 1, 1),
(235	, 6500	, 250, 1, 1),
(236	, 6500	, 190.769230769231, 1, 1),
(236	, 6500	, 191, 1, 1),
(236	, 5500	, 191, 1, 1),
(236	, 6500	, 207, 1, 1),
(237	, 6500	, 269.230769230769, 1, 1),
(237	, 6500	, 269, 1, 1),
(237	, 6000	, 269, 1, 1),
(237	, 6500	, 292, 1, 1),
(238	, 6500	, 370.769230769231, 1, 1),
(238	, 6500	, 371, 1, 1),
(238	, 6500	, 372, 1, 1),
(239	, 6500	, 181.076923076923, 1, 1),
(239	, 6500	, 181, 1, 1),
(240	, 6500	, 246.923076923077, 1, 1),
(240	, 6500	, 247, 1, 1),
(240	, 7000	, 247, 1, 1),
(241	, 6500	, 168, 1, 1),
(241	, 6500	, 168, 1, 1),
(241	, 7000	, 168, 1, 1),
(242	, 6500	, 170.769230769231, 1, 1),
(243	, 6500	, 240, 1, 1),
(243	, 6500	, 240, 1, 1),
(244	, 6500	, 67.6923076923077, 1, 1),
(244	, 6500	, 68, 1, 1),
(245	, 6500	, 81.2307692307692, 1, 1),
(245	, 6500	, 81, 1, 1),
(246	, 6500	, 180, 1, 1),
(246	, 6500	, 195, 1, 1),
(247	, 6500	, 103.384615384615, 1, 1),
(247	, 6000	, 104, 1, 1),
(247	, 6500	, 104, 1, 1),
(247	, 6500	, 112, 1, 1),
(248	, 6500	, 194.769230769231, 1, 1),
(248	, 6500	, 195, 1, 1),
(248	, 6500	, 211, 1, 1),
(249	, 6500	, 113.538461538462, 1, 1),
(249	, 6500	, 114, 1, 1),
(249	, 6500	, 123, 1, 1),
(250	, 6500	, 152.307692307692, 1, 1),
(251	, 6500	, 261.538461538462, 1, 1),
(251	, 6500	, 261, 1, 1),
(252	, 6500	, 279.692307692308, 1, 1),
(252	, 6500	, 280, 1, 1),
(252	, 6500	, 303, 1, 1),
(253	, 6500	, 206.769230769231, 1, 1),
(253	, 6500	, 207, 1, 1),
(253	, 6500	, 224, 1, 1),
(254	, 6500	, 184.615384615385, 1, 1),
(254	, 6500	, 185, 1, 1),
(255	, 6500	, 173.846153846154, 1, 1),
(255	, 6500	, 174, 1, 1),
(255	, 6000	, 174, 1, 1),
(256	, 6500	, 187, 1, 1),
(257	, 6500	, 284, 1, 1),
(258	, 6500	, 299, 1, 1),
(258	, 5500	, 299, 1, 1),
(259	, 6500	, 480, 1, 1),
(260	, 6500	, 226, 1, 1),
(261	, 6500	, 217, 1, 1),
(261	, 6500	, 217, 1, 1),
(262	, 6500	, 168, 1, 1),
(262	, 6500	, 168, 1, 1),
(263	, 6500	, 280, 1, 1),
(264	, 6000	, 219, 1, 1),
(264	, 6500	, 219, 1, 1),
(265	, 6500	, 112, 1, 1),
(266	, 6500	, 98, 1, 1),
(267	, 6500	, 286, 1, 1),
(268	, 6500	, 188, 1, 1),
(269	, 6000	, 264, 1, 1),
(269	, 6500	, 264, 1, 1),
(270	, 6000	, 152, 1, 1),
(270	, 6500	, 152, 1, 1),
(271	, 6000	, 251, 1, 1),
(271	, 6500	, 251, 1, 1),
(272	, 6000	, 152, 1, 1),
(273	, 6000	, 155, 1, 1),
(273	, 6500	, 155, 1, 1),
(273	, 7000	, 155, 1, 1),
(274	, 6000	, 271, 1, 1),
(274	, 6500	, 271, 1, 1),
(274	, 7000	, 271, 1, 1),
(274	, 6500	, 201, 1, 1),
(274	, 6000	, 201, 1, 1),
(275	, 6000	, 201, 1, 1),
(275	, 6500	, 201, 1, 1),
(275	, 7000	, 201, 1, 1),
(275	, 6500	, 271, 1, 1),
(275	, 6000	, 271, 1, 1),
(276	, 6500	, 371, 1, 1),
(276	, 6500	, 231, 1, 1),
(276	, 6600	, 231, 1, 1),
(277	, 6500	, 281, 1, 1),
(277	, 6600	, 281, 1, 1),
(278	, 6000	, 371, 1, 1),
(278	, 6500	, 371, 1, 1),
(278	, 6500	, 325, 1, 1),
(278	, 6600	, 325, 1, 1),
(279	, 6000	, 281, 1, 1),
(280	, 6000	, 325, 1, 1),
(281	, 6500	, 270, 1, 1),
(281	, 6500	, 331, 1, 1),
(282	, 6500	, 331, 1, 1),
(282	, 6500	, 294, 1, 1),
(282	, 6000	, 331, 1, 1),
(283	, 6500	, 271, 1, 1),
(284	, 6500	, 307, 1, 1),
(285	, 6000	, 270, 1, 1),
(285	, 6500	, 270, 1, 1),
(286	, 6500	, 141, 1, 1),
(287	, 6500	, 136, 1, 1),
(288	, 6500	, 244, 1, 1),
(289	, 6500	, 325, 1, 1),
(290	, 6000	, 178, 1, 1),
(290	, 6500	, 0, 1, 1),
(291	, 6000	, 165, 1, 1),
(291	, 6500	, 0, 1, 1),
(292	, 6500	, 191, 1, 1),
(293	, 6500	, 236, 1, 1),
(294	, 6500	, 236, 1, 1),
(295	, 6500	, 372, 1, 1),
(296	, 6500	, 247, 1, 1),
(297	, 6500	, 248, 1, 1),
(298	, 6500	, 207, 1, 1),
(299	, 6500	, 187, 1, 1),
(300	, 6500	, 241, 1, 1),
(301	, 6500	, 242, 1, 1),
(302	, 6500	, 203, 1, 1),
(303	, NULL	, NULL, 1, 1),
(304	, 6000	, NULL, 1, 1),
(305	, 6000	, 347, 1, 1),
(305	, 6500	, 347, 1, 1),
(306	, NULL	, NULL, 1, 1),
(307	, 6000	, 66, 1, 1),
(308	, 6000	, 112, 1, 1),
(309	, 6000	, 44, 1, 1),
(310	, NULL	, NULL, 1, 1),
(311	, NULL	, NULL, 1, 1),
(312	, 6000	, 0, 1, 1),
(312	, 6000	, 212, 1, 1),
(313	, 6000	, 249, 1, 1),
(314	, 6000	, 272, 1, 1),
(315	, 6000	, 306, 1, 1),
(316	, 6000	, 272, 1, 1),
(317	, 6000	, 306, 1, 1),
(318	, 6000	, 150, 1, 1),
(318	, 6000	, 151, 1, 1),
(319	, 6000	, 149, 1, 1),
(320	, 6000	, 82, 1, 1),
(321	, 6000	, 353, 1, 1),
(322	, 6000	, 240, 1, 1),
(323	, 4500	, 427, 1, 1),
(324	, 4500	, 494, 1, 1),
(324	, 6000	, 494, 1, 1),
(325	, 6000	, 157, 1, 1),
(326	, 6000	, 111, 1, 1),
(327	, 6000	, 100, 1, 1),
(328	, 6000	, 277, 1, 1),
(329	, 6000	, 262, 1, 1),
(330	, 6000	, 371, 1, 1),
(331	, 6000	, 266, 1, 1),
(332	, 6000	, 332, 1, 1),
(333	, 6000	, 333, 1, 1),
(334	, 6000	, 316, 1, 1),
(335	, 6200	, 141, 1, 1),
(336	, 6000	, 333, 1, 1),
(336	, 6000	, 327, 1, 1),
(337	, 6000	, 242, 1, 1),
(338	, 6000	, 118, 1, 1),
(339	, 6000	, 167, 1, 1),
(340	, 6000	, 254, 1, 1),
(341	, 4500	, 303, 1, 1),
(342	, 6000	, 189, 1, 1),
(343	, 5050	, 323, 1, 1),
(344	, 6000	, 300, 1, 1),
(345	, 4300	, 127, 1, 1),
(345	, 6500	, 127, 1, 1),
(345	, 6200	, 127, 1, 1),
(345	, 4980	, 127, 1, 1),
(345	, 3760	, 127, 1, 1),
(345	, 4370	, 127, 1, 1),
(345	, 6100	, 127, 1, 1),
(345	, 6000	, 127, 1, 1),
(345	, 4400	, 127, 1, 1),
(346	, 4100	, 102, 1, 1),
(346	, 6100	, 102, 1, 1),
(346	, 7100	, 102, 1, 1),
(346	, 5100	, 102, 1, 1),
(346	, 6000	, 102, 1, 1),
(346	, 7050	, 102, 1, 1),
(347	, 4980	, 148, 1, 1),
(347	, 6000	, 148, 1, 1),
(347	, 3760	, 148, 1, 1),
(347	, 4370	, 148, 1, 1),
(348	, 6000	, 239, 1, 1),
(348	, 6300	, 239, 1, 1),
(349	, 6500	, 288, 1, 1),
(350	, 5100	, 377, 1, 1),
(350	, 6000	, 377, 1, 1),
(351	, 6200	, 148, 1, 1),
(351	, 4980	, 148, 1, 1),
(352	, 6000	, 156, 1, 1),
(352	, 7100	, 156, 1, 1),
(352	, 7050	, 156, 1, 1),
(352	, 7000	, 156, 1, 1),
(352	, 5100	, 156, 1, 1),
(352	, 5900	, 156, 1, 1),
(353	, 6100	, 120, 1, 1),
(353	, 4100	, 120, 1, 1),
(353	, 5100	, 120, 1, 1),
(354	, 5900	, 118, 1, 1),
(355	, 5900	, 162, 1, 1),
(356	, 6000	, 279, 1, 1),
(357	, 6000	, 265, 1, 1),
(358	, 4100	, 118, 1, 1),
(358	, 6100	, 118, 1, 1),
(358	, 5100	, 118, 1, 1),
(358	, 7100	, 118, 1, 1),
(358	, 7000	, 118, 1, 1),
(359	, 6000	, 140, 1, 1),
(360	, 6300	, 236, 1, 1),
(360	, 6000	, 236, 1, 1),
(361	, 6300	, 404, 1, 1),
(361	, 6000	, 404, 1, 1),
(362	, 4600	, 85, 1, 1),
(362	, 4640	, 85, 1, 1),
(363	, 5000	, 85, 1, 1),
(363	, 5560	, 85, 1, 1),
(363	, 7000	, 85, 1, 1),
(363	, 4300	, 85, 1, 1),
(363	, 4850	, 85, 1, 1),
(363	, 4380	, 85, 1, 1),
(363	, 4890	, 85, 1, 1),
(364	, 6100	, 300, 1, 11),
(364	, 4100	, 300, 1, 11),
(365	, 5050	, 189, 1, 11),
(365	, 4900	, 189, 1, 11),
(366	, 6300	, 107, 1, 11),
(366	, 6000	, 107, 1, 11),
(367	, 5900	, 104, 1, 11),
(368	, 6100	, 47, 1, 1),
(369	, 6600	, 362, 1, 1),
(369	, 4100	, 362, 1, 1),
(369	, 6100	, 362, 1, 1),
(369	, 3550	, 362, 1, 1),
(369	, 5630	, 362, 1, 1),
(369	, 6000	, 362, 1, 1),
(369	, 4630	, 362, 1, 1),
(369	, 4000	, 362, 1, 1),
(369	, 7000	, 362, 1, 1),
(370	, 6000	, 499, 1, 1),
(370	, 6700	, 499, 1, 1),
(371	, 6000	, 453, 1, 1),
(372	, 6000	, 151, 1, 1),
(373	, 6000	, 227, 1, 1),
(374	, 6000	, 257, 1, 1),
(375	, 6050	, 210, 1, 1),
(376	, 6000	, 307, 1, 1),
(376	, 6300	, 307, 1, 1),
(377	, 6100	, 98, 1, 1),
(377	, 7000	, 98, 1, 1),
(378	, 5510	, 239, 1, 1),
(379	, 5270	, 323, 1, 1),
(380	, 4400	, 239, 1, 1),
(381	, 4400	, 214, 1, 1),
(382	, 5270	, 280, 1, 1),
(382	, 5270	, 276, 1, 1),
(383	, 2227	, 323, 1, 1),
(383	, 2728	, 323, 1, 1),
(383	, 3227	, 323, 1, 1),
(383	, 3270	, 323, 1, 1),
(383	, 3460	, 323, 1, 1),
(383	, 3727	, 323, 1, 1),
(383	, 3770	, 323, 1, 1),
(383	, 3770	, 323, 1, 1),
(383	, 3960	, 323, 1, 1),
(383	, 4000	, 323, 1, 1),
(383	, 4227	, 323, 1, 1),
(383	, 4227	, 323, 1, 1),
(383	, 4500	, 323, 1, 1),
(383	, 4500	, 323, 1, 1),
(383	, 4727	, 323, 1, 1),
(383	, 4727	, 323, 1, 1),
(383	, 4770	, 323, 1, 1),
(383	, 4960	, 323, 1, 1),
(383	, 5500	, 323, 1, 1),
(383	, 5500	, 323, 1, 1),
(383	, 5727	, 323, 1, 1),
(383	, 5727	, 323, 1, 1),
(383	, 6270	, 323, 1, 1),
(383	, 6270	, 323, 1, 1),
(383	, 6500	, 323, 1, 1),
(383	, 6500	, 323, 1, 1),
(383	, 6600	, 323, 1, 1),
(383	, 6900	, 323, 1, 1),
(383	, 6950	, 323, 1, 1),
(384	, 7000	, 252, 1, 1),
(385	, 6000	, 127, 1, 1),
(386	, 5900	, 245, 1, 1),
(386	, 6100	, 245, 1, 1),
(387	, 6000	, 98, 1, 1),
(387	, 5900	, 98, 1, 1),
(388	, 6000	, 126, 1, 1),
(388	, 6070	, 126, 1, 1),
(388	, 6050	, 126, 1, 1),
(388	, 4900	, 126, 1, 1),
(388	, 5500	, 126, 1, 1),
(388	, 5100	, 126, 1, 1),
(388	, 5430	, 126, 1, 1),
(389	, 5450	, 59, 1, 1),
(390	, 2830	, 69, 1, 1),
(390	, 6250	, 69, 1, 1),
(390	, 4400	, 69, 1, 1),
(391	, 5970	, 385, 1, 1),
(391	, 6500	, 385, 1, 1),
(392	, 6000	, 465, 1, 1),
(392	, 6600	, 465, 1, 1),
(392	, 6000	, 465, 1, 1),
(392	, 3280	, 465, 1, 1),
(392	, 3380	, 465, 1, 1),
(392	, 6700	, 465, 1, 1),
(393	, 6800	, 296, 1, 1),
(393	, 6000	, 296, 1, 1),
(393	, 6500	, 296, 1, 1),
(394	, 6300	, 196, 1, 1),
(394	, 6000	, 196, 1, 1),
(394	, 6500	, 196, 1, 1),
(395	, 6300	, 438, 1, 1),
(395	, 6300	, 438, 1, 1),
(396	, 6000	, 696, 1, 1),
(397	, 5100	, 233, 1, 1),
(397	, 6500	, 233, 1, 1),
(398	, 6000	, 364, 1, 1),
(399	, 6000	, 168, 1, 1),
(399	, 6500	, 168, 1, 1),
(400	, 6000	, 236, 1, 1),
(401	, 6000	, 234, 1, 1),
(401	, 6500	, 234, 1, 1),
(402	, 6000	, 169, 1, 1),
(403	, 6000	, 198, 1, 1),
(404	, 6000	, 317, 1, 1),
(404	, 6100	, 317, 1, 1),
(405	, 7100	, 305, 1, 1),
(405	, 5950	, 305, 1, 1),
(406	, 3824	, 88, 1, 1),
(407	, 5900	, 212, 1, 1),
(408	, 5200	, 341, 1, 1),
(409	, 6000	, 354, 1, 1),
(409	, 5100	, 354, 1, 1),
(410	, 6100	, 126, 1, 1),
(411	, 6000	, 205, 1, 1),
(412	, 6000	, 250, 1, 1),
(412	, 6300	, 250, 1, 1),
(412	, 6000	, 250, 1, 1),
(413	, 6400	, 241, 1, 1),
(414	, 6300	, 255, 1, 1),
(414	, 6000	, 255, 1, 1),
(415	, 6100	, 100, 1, 1),
(416	, 7100	, 113, 1, 1),
(416	, 7100	, 113, 1, 1),
(417	, 7050	, 151, 1, 1),
(418	, 6000	, 380, 1, 1),
(419	, 6000	, 242, 1, 1),
(419	, 6000	, 242, 1, 1),
(420	, 6500	, 554, 1, 1),
(421	, 6000	, 317, 1, 1),
(422	, 6000	, 118, 1, 1),
(423	, 5900	, 0, 1, 1),
(423	, 6000	, 95, 1, 1),
(424	, 6000	, 0, 1, 1),
(424	, 6100	, 290, 1, 1),
(425	, 6100	, 169, 1, 1),
(426	, 6000	, 260, 1, 1),
(427	, 6500	, 194, 1, 1),
(427	, 6000	, 194, 1, 1),
(428	, 5000	, 282, 1, 1),
(429	, 6000	, 154, 1, 1),
(430	, 6000	, 166, 1, 1),
(431	, 6800	, 495, 1, 1),
(432	, 6800	, 368, 1, 1),
(433	, 6000	, 128, 1, 1),
(434	, 5900	, 287, 1, 1),
(435	, 5900	, 445, 1, 1),
(435	, 6800	, 445, 1, 1),
(436	, 6400	, 298, 1, 1),
(437	, 6000	, 192, 1, 1),
(437	, 6500	, 193, 1, 1),
(438	, 6500	, 177, 1, 1),
(439	, 6500	, 177, 1, 1),
(440	, 6500	, 258, 1, 1),
(441	, 6500	, 279, 1, 1),
(442	, 6500	, 213, 1, 1),
(443	, 6500	, 224, 1, 1),
(444	, 6500	, 269, 1, 1),
(445	, 6500	, 224, 1, 1),
(445	, 6000	, 224, 1, 1),
(446	, 6500	, 228, 1, 1),
(447	, 6500	, 159, 1, 1),
(448	, 6500	, 246, 1, 1),
(449	, 6500	, 257, 1, 1),
(450	, 6000	, 164, 1, 1),
(450	, 6050	, 164, 1, 1),
(450	, 6900	, 164, 1, 1),
(451	, 5200	, 302, 1, 1),
(451	, 6000	, 302, 1, 1),
(451	, 6050	, 302, 1, 1),
(452	, 6100	, 185, 1, 1),
(452	, 6000	, 185, 1, 1),
(452	, 6050	, 185, 1, 1),
(453	, 6100	, 342, 1, 1),
(453	, 6000	, 342, 1, 1),
(453	, 6050	, 342, 1, 1),
(454	, 6100	, 239, 1, 1),
(455	, 6050	, 338, 1, 1),
(456	, 6000	, 110, 1, 1),
(457	, 6000	, 190, 1, 1),
(458	, 6000	, 177, 1, 1),
(459	, 6050	, 246, 1, 1),
(460	, 6050	, 318, 1, 1),
(461	, 6050	, 390, 1, 1),
(461	, 6050	, 390, 1, 1),
(462	, 4050	, 200, 1, 1),
(462	, 4050	, 200, 1, 1),
(463	, 6050	, 281, 1, 1),
(463	, 4050	, 281, 1, 1),
(464	, 6050	, 364, 1, 1),
(464	, 6050	, 364, 1, 1),
(465	, 4050	, 249, 1, 1),
(466	, 6000	, 277, 1, 1),
(467	, 6000	, 429, 1, 1),
(468	, 6000	, 97, 1, 1),
(469	, 6000	, 210, 1, 1),
(470	, 6000	, 326, 1, 1),
(471	, 6000	, 218, 1, 1),
(472	, 6000	, 320, 1, 1),
(473	, 6000	, 431, 1, 1),
(473	, 6000	, 431, 1, 1),
(473	, 7000	, 431, 1, 1),
(474	, 6500	, 230, 1, 1),
(474	, 6500	, 230, 1, 1),
(474	, 6000	, 230, 1, 1),
(475	, 7000	, 439, 1, 1),
(475	, 4100	, 439, 1, 1),
(475	, 5100	, 439, 1, 1),
(476	, 6100	, 54, 1, 1),
(476	, 6050	, 54, 1, 1),
(477	, 6100	, 263, 1, 1),
(478	, 6000	, 309, 1, 1),
(479	, 6000	, 170, 1, 1),
(480	, 6000	, 368, 1, 1),
(481	, 6000	, 458, 1, 1),
(482	, 6000	, 398, 1, 1),
(483	, 6000	, 481, 1, 1),
(484	, 6000	, 151, 1, 1),
(485	, 6000	, 332, 1, 1),
(486	, 6050	, 126, 1, 1),
(487	, 6050	, 44, 1, 1),
(488	, 6050	, 268, 1, 1),
(488	, 7000	, 268, 1, 1),
(488	, 6000	, 268, 1, 1),
(488	, 5600	, 268, 1, 1),
(489	, 6500	, 186, 1, 1),
(489	, 6100	, 186, 1, 1),
(490	, 7000	, 336, 1, 1),
(490	, 6500	, 336, 1, 1),
(491	, 6000	, 60, 1, 1),
(491	, 5650	, 60, 1, 1),
(491	, 6250	, 60, 1, 1),
(491	, 5800	, 60, 1, 1),
(491	, 5750	, 60, 1, 1),
(492	, 5670	, 404, 1, 1),
(493	, 6100	, 0, 1, 1),
(494	, 6800	, 446, 1, 1),
(495	, 6800	, 405, 1, 1),
(496	, 6800	, 372, 1, 1),
(497	, 6000	, 148, 1, 1),
(498	, 6500	, 168, 1, 1),
(499	, 6500	, 184, 1, 1),
(500	, 6500	, 230, 1, 1),
(501	, 4000	, 56, 1, 1),
(502	, 6000	, 124, 1, 1),
(502	, 6000	, 124, 1, 1),
(503	, 6100	, 217, 1, 1),
(503	, 6000	, 217, 1, 1),
(503	, 5500	, 217, 1, 1),
(504	, 6500	, 189, 1, 1),
(504	, 6000	, 189, 1, 1),
(505	, 6500	, 285, 1, 1),
(506	, 6000	, 202, 1, 1),
(506	, 6000	, 202, 1, 1),
(507	, 5500	, 249, 1, 1),
(507	, 6000	, 249, 1, 1),
(508	, 6500	, 285, 1, 1),
(508	, 6000	, 285, 1, 1),
(509	, 6500	, 277, 1, 1),
(509	, 6000	, 277, 1, 1),
(510	, 5300	, 194, 1, 1),
(510	, 6000	, 194, 1, 1),
(511	, 5300	, 212, 1, 1),
(512	, 6000	, 209, 1, 1),
(513	, 6000	, 208, 1, 1),
(514	, 6000	, 291, 1, 1),
(514	, 6000	, 291, 1, 1),
(515	, 6500	, 317, 1, 1),
(515	, 6000	, 317, 1, 1),
(516	, 6500	, 403, 1, 1),
(516	, 6000	, 403, 1, 1),
(517	, 6500	, 210, 1, 1),
(517	, 6000	, 210, 1, 1),
(518	, 6500	, 325, 1, 1),
(519	, 6000	, 307, 1, 1),
(520	, 6000	, 186, 1, 1),
(521	, 6000	, 123, 1, 1),
(522	, 6000	, 166, 1, 1),
(523	, 6000	, 280, 1, 1),
(524	, 4000	, 279, 1, 1),
(525	, 5200	, 140, 1, 1),
(526	, 5200	, 587, 1, 1),
(526	, 6000	, 587, 1, 1),
(526	, 2250	, 587, 1, 1),
(526	, 6250	, 587, 1, 1),
(526	, 7000	, 587, 1, 1),
(527	, 6350	, 132, 1, 1),
(528	, 5670	, 197, 1, 1),
(528	, 6000	, 197, 1, 1),
(529	, 6500	, 170, 1, 1),
(529	, 6000	, 170, 1, 1),
(530	, 6500	, 190, 1, 1),
(531	, 6500	, 260, 1, 1),
(532	, 6500	, 179, 1, 1),
(533	, 6000	, 280, 1, 1),
(534	, 6000	, 252, 1, 1),
(534	, 6000	, 252, 1, 1),
(535	, 6500	, 117, 1, 1),
(535	, 6000	, 117, 1, 1),
(536	, 6500	, 245, 1, 1),
(537	, 6000	, 138, 1, 1),
(537	, 6050	, 138, 1, 1),
(538	, 6000	, 149, 1, 1),
(539	, 6050	, 414, 1, 1),
(540	, 6000	, 472, 1, 1),
(541	, 6000	, 285, 1, 1),
(542	, 6000	, 547, 1, 1),
(543	, 6000	, 493, 1, 1),
(544	, 6000	, 331, 1, 1),
(545	, 6000	, 193, 1, 1),
(545	, 4050	, 193, 1, 1),
(546	, 6050	, 301, 1, 1),
(547	, 5900	, 162, 1, 1),
(547	, 7100	, 162, 1, 1),
(548	, 5900	, 143, 1, 1),
(549	, 6000	, 121, 1, 1),
(550	, 6000	, 235, 1, 1),
(551	, 6000	, 517, 1, 1),
(551	, 5400	, 517, 1, 1),
(551	, 5200	, 517, 1, 1),
(552	, 6000	, 121, 1, 1),
(552	, 6750	, 121, 1, 1),
(553	, 6700	, 80, 1, 1),
(554	, 6000	, 0, 1, 1),
(554	, 6000	, 95, 1, 1),
(555	, 6050	, 75, 1, 1),
(555	, 4100	, 75, 1, 1),
(555	, 5100	, 75, 1, 1),
(555	, 6100	, 75, 1, 1),
(556	, 7100	, 85, 1, 1),
(556	, 6100	, 85, 1, 1),
(556	, 5100	, 85, 1, 1),
(556	, 4100	, 85, 1, 1),
(557	, 7100	, 100, 1, 1),
(557	, 7100	, 100, 1, 1),
(557	, 6100	, 100, 1, 1),
(557	, 4100	, 100, 1, 1),
(558	, 5100	, 110, 1, 1),
(559	, 6100	, 121, 1, 1),
(559	, 6000	, 121, 1, 1),
(560	, 6100	, 155, 1, 1),
(560	, 6050	, 155, 1, 1),
(561	, 4050	, 134, 1, 1),
(562	, 6100	, 220, 1, 1),
(563	, 4500	, 172, 1, 1),
(564	, 6100	, 220, 1, 1),
(565	, 6050	, 338, 1, 1),
(565	, 4000	, 338, 1, 1),
(565	, 4800	, 338, 1, 1),
(565	, 4900	, 338, 1, 1),
(565	, 6450	, 338, 1, 1),
(565	, 6500	, 338, 1, 1),
(566	, 4620	, 35, 1, 1),
(567	, 6300	, 252, 1, 1),
(567	, 5400	, 252, 1, 1),
(567	, 5200	, 252, 1, 1),
(568	, 6000	, 386, 1, 1),
(568	, 6000	, 386, 1, 1),
(569	, 7050	, 411, 1, 1),
(570	, 6300	, 695, 1, 1),
(571	, 6200	, 219, 1, 1),
(571	, 5550	, 219, 1, 1),
(571	, 6000	, 219, 1, 1),
(571	, 6100	, 219, 1, 1),
(571	, 6200	, 219, 1, 1),
(571	, 5750	, 219, 1, 1),
(571	, 6550	, 219, 1, 1),
(571	, 5540	, 219, 1, 1),
(571	, 6450	, 219, 1, 1),
(571	, 6700	, 219, 1, 1),
(571	, 5600	, 219, 1, 1),
(571	, 5700	, 219, 1, 1),
(571	, 5800	, 219, 1, 1),
(571	, 6600	, 219, 1, 1),
(571	, 6800	, 219, 1, 1),
(572	, 6500	, 407, 1, 1),
(572	, 6000	, 407, 1, 1),
(572	, 5000	, 407, 1, 1),
(572	, 5600	, 407, 1, 1),
(572	, 6100	, 407, 1, 1),
(572	, 6200	, 407, 1, 1),
(572	, 4930	, 407, 1, 1),
(572	, 5100	, 407, 1, 1),
(572	, 6800	, 407, 1, 1),
(572	, 5550	, 407, 1, 1),
(573	, 6500	, 405, 1, 1),
(573	, 6000	, 405, 1, 1),
(573	, 5000	, 405, 1, 1),
(573	, 5600	, 405, 1, 1),
(573	, 5100	, 405, 1, 1),
(573	, 6450	, 405, 1, 1),
(573	, 6700	, 405, 1, 1),
(573	, 5550	, 405, 1, 1),
(573	, 5800	, 405, 1, 1),
(574	, 6200	, 700, 1, 1),
(574	, 6150	, 700, 1, 1),
(575	, 6000	, 177, 1, 1),
(576	, 5100	, 329, 1, 1),
(576	, 6000	, 329, 1, 1),
(576	, 6320	, 329, 1, 1),
(577	, 5900	, 261, 1, 1),
(577	, 6000	, 261, 1, 1),
(578	, 6180	, 226, 1, 1),
(578	, 6000	, 226, 1, 1),
(579	, 6320	, 321, 1, 1),
(580	, 6100	, 178, 1, 1),
(581	, 6000	, 289, 1, 1),
(581	, 6000	, 289, 1, 1),
(581	, 7000	, 289, 1, 1),
(581	, 5000	, 289, 1, 1),
(581	, 5100	, 289, 1, 1),
(581	, 6100	, 289, 1, 1),
(581	, 7050	, 289, 1, 1),
(581	, 4100	, 289, 1, 1),
(582	, 7100	, 312, 1, 1),
(582	, 2815	, 312, 1, 1),
(582	, 3815	, 312, 1, 1),
(582	, 4000	, 312, 1, 1),
(582	, 4815	, 312, 1, 1),
(582	, 4915	, 312, 1, 1),
(582	, 5000	, 312, 1, 1),
(582	, 5660	, 312, 1, 1),
(582	, 5700	, 312, 1, 1),
(582	, 6000	, 312, 1, 1),
(582	, 6050	, 312, 1, 1),
(583	, 6600	, 367, 1, 1),
(584	, 6000	, 174, 1, 1),
(584	, 6000	, 174, 1, 1),
(585	, 6040	, 422, 1, 1),
(586	, 6000	, 121, 1, 1),
(586	, 6000	, 121, 1, 1),
(586	, 6100	, 121, 1, 1),
(586	, 4100	, 121, 1, 1),
(586	, 7100	, 121, 1, 1),
(587	, 5100	, 468, 1, 1),
(588	, 6000	, 361, 1, 1),
(589	, 6000	, 466, 1, 1),
(589	, 6000	, 466, 1, 1),
(590	, 6500	, 763, 1, 1),
(590	, 6100	, 763, 1, 1),
(590	, 5300	, 763, 1, 1),
(590	, 5500	, 763, 1, 1),
(591	, 4500	, 313, 1, 1),
(591	, 5300	, 313, 1, 1),
(592	, 6000	, 626, 1, 1),
(592	, 5300	, 626, 1, 1),
(593	, 6000	, 56, 1, 1),
(593	, 6000	, 56, 1, 1),
(594	, 6100	, 110, 1, 1),
(594	, 6000	, 110, 1, 1),
(595	, 6050	, 196, 1, 1),
(596	, 6500	, 167, 1, 1),
(597	, 6500	, 258, 1, 1),
(598	, 6500	, 295, 1, 1),
(599	, 6000	, 136, 1, 1),
(599	, 7000	, 136, 1, 1),
(599	, 4000	, 136, 1, 1),
(599	, 4500	, 136, 1, 1),
(599	, 5000	, 136, 1, 1),
(599	, 6000	, 136, 1, 1),
(599	, 6050	, 136, 1, 1),
(599	, 7010	, 136, 1, 1),
(599	, 5500	, 136, 1, 1),
(600	, 7050	, 155, 1, 1),
(601	, 6000	, 1405, 1, 1),
(602	, 6000	, 320, 1, 1),
(603	, 3500	, 199, 1, 1),
(603	, 3500	, 199, 1, 1),
(604	, 7000	, 0, 1, 1),
(604	, 6000	, 227, 1, 1),
(605	, 6500	, 217, 1, 1),
(606	, 6000	, 146, 1, 1),
(607	, 6000	, 161, 1, 1),
(608	, 6000	, 486, 1, 1),
(608	, 6450	, 486, 1, 1),
(609	, 6000	, 192, 1, 1),
(610	, 6000	, 314, 1, 1),
(611	, 6000	, 118, 1, 1),
(612	, 5000	, 118, 1, 1),
(613	, 5000	, 118, 1, 1),
(614	, 6000	, 117, 1, 1),
(615	, 6000	, 183, 1, 1),
(616	, 6000	, 185, 1, 1),
(617	, 6000	, 369, 1, 1),
(618	, 6000	, 108, 1, 1),
(619	, 6000	, 91, 1, 1),
(620	, 6000	, 607, 1, 1),
(621	, 6000	, 313, 1, 1),
(621	, 6000	, 313, 1, 1),
(622	, 5900	, 115, 1, 1),
(623	, 6000	, 145, 1, 1),
(624	, 6000	, 188, 1, 1),
(625	, 6000	, 265, 1, 1),
(626	, 5950	, 239, 1, 1),
(626	, 6000	, 239, 1, 1),
(627	, 4400	, 370, 1, 1),
(628	, 6000	, 164, 1, 1),
(629	, 6000	, 283, 1, 1),
(630	, 6000	, 186, 1, 1),
(631	, 6000	, 246, 1, 1),
(631	, 6500	, 246, 1, 1),
(632	, 6000	, 506, 1, 1),
(632	, 6000	, 506, 1, 1),
(633	, 4050	, 312, 1, 1),
(633	, 6000	, 312, 1, 1),
(634	, 4050	, 201, 1, 1),
(635	, 6000	, 163, 1, 1),
(636	, 6000	, 186, 1, 1),
(637	, 6000	, 147, 1, 1),
(638	, 6000	, 240, 1, 1),
(638	, 5500	, 240, 1, 1),
(639	, 5100	, 360, 1, 1),
(639	, 5100	, 360, 1, 1),
(639	, 5500	, 360, 1, 1),
(640	, 6700	, 325, 1, 1),
(641	, 6500	, 279, 1, 1),
(642	, 6500	, 481, 1, 1),
(643	, 6000	, 366, 1, 1),
(643	, 5100	, 366, 1, 1),
(644	, 6000	, 103, 1, 1),
(644	, 6000	, 103, 1, 1),
(645	, 6050	, 100, 1, 1),
(645	, 6000	, 100, 1, 1),
(646	, 6050	, 257, 1, 1),
(647	, 6000	, 449, 1, 1),
(648	, 5800	, 357, 1, 1),
(649	, 5800	, 529, 1, 1),
(650	, 5800	, 555, 1, 1),
(650	, 5800	, 555, 1, 1),
(651	, 6000	, 209, 1, 1),
(652	, 5800	, 103, 1, 1),
(653	, 5800	, 151, 1, 1),
(654	, 6000	, 269, 1, 1),
(654	, 6000	, 269, 1, 1),
(654	, 5000	, 269, 1, 1),
(655	, 5200	, 545, 1, 1),
(655	, 5000	, 545, 1, 1),
(656	, 6800	, 136, 1, 1),
(657	, 6500	, 169, 1, 1),
(658	, 6500	, 184, 1, 1),
(659	, 6500	, NULL, 1, 1),
(660	, 6000	, 251, 1, 1),
(661	, 6000	, 169, 1, 1),
(662	, 6000	, 213, 1, 1),
(663	, 6500	, 205, 1, 1),
(664	, 6500	, 111, 1, 1),
(664	, 6050	, 111, 1, 1),
(665	, 3050	, 157, 1, 1),
(666	, 6000	, 128, 1, 1),
(667	, 6000	, 410, 1, 1),
(668	, 6000	, 349, 1, 1),
(668	, 6000	, 349, 1, 1),
(668	, 6500	, 184, 1, 1),
(669	, 6500	, 415, 1, 1),
(669	, 6000	, 415, 1, 1),
(670	, 6500	, 170, 1, 1),
(670	, 6500	, 213, 1, 1),
(671	, 6500	, 410, 1, 1),
(672	, 6000	, 116, 1, 1),
(673	, 6500	, 210, 1, 1),
(674	, 6000	, 231, 1, 1),
(675	, 6000	, 213, 1, 1),
(676	, 6000	, 247, 1, 1),
(677	, 6000	, 272, 1, 1),
(678	, 6000	, 306, 1, 1),
(679	, 6000	, 272, 1, 1),
(680	, 6000	, 306, 1, 1),
(681	, 6000	, 150.6, 1, 1),
(682	, 6000	, 149, 1, 1),
(683	, 6000	, 82, 1, 1),
(684	, 6000	, 295, 1, 1),
(685	, 6000	, 353, 1, 1),
(686	, 6000	, 240, 1, 1),
(687	, 6000	, 494, 1, 1),
(688	, 6000	, 214, 1, 1),
(689	, 6000	, 407, 1, 1),
(690	, 6000	, 157, 1, 1),
(691	, 6000	, 111, 1, 1),
(692	, 6000	, 100, 1, 1),
(693	, 6000	, 277, 1, 1),
(694	, 6000	, 273, 1, 1),
(695	, 6000	, 371, 1, 1),
(696	, 6000	, 266.67, 1, 1),
(697	, 6000	, 332, 1, 1),
(698	, 6000	, 333, 1, 1),
(699	, 6000	, 209, 1, 1),
(700	, 6000	, 399.33, 1, 1),
(701	, 6000	, 406, 1, 1),
(702	, 6000	, 141, 1, 1),
(703	, 6200	, 333.33, 1, 1),
(704	, 6000	, 241.7, 1, 1),
(705	, 6000	, 118, 1, 1),
(706	, 6000	, 166.7, 1, 1),
(707	, 6000	, 254, 1, 1),
(708	, 6000	, 303, 1, 1),
(709	, 4500	, 101, 1, 1),
(710	, 6000	, 144, 1, 1),
(711	, 6000	, 323, 1, 1),
(712	, 5000	, 300, 1, 1),
(713	, 5870	, 127, 1, 1),
(713	, 6200	, 127, 1, 1),
(713	, 4370	, 127, 1, 1),
(714	, 4980	, 102, 1, 1),
(714	, 6100	, 102, 1, 1),
(715	, 4100	, 148, 1, 1),
(715	, 4370	, 148, 1, 1),
(716	, 4980	, 239, 1, 1),
(717	, 6000	, 288.33, 1, 1),
(718	, 6000	, 229, 1, 1),
(719	, 6000	, 216, 1, 1),
(720	, 6000	, 297, 1, 1),
(721	, 5500	, 189, 1, 1),
(722	, 6000	, 252, 1, 1),
(723	, 4900	, 148, 1, 1),
(723	, 4980	, 148, 1, 1),
(724	, 6200	, 156, 1, 1),
(724	, 6500	, 156, 1, 1),
(725	, 7100	, 118, 1, 1),
(726	, 5900	, 162, 1, 1),
(727	, 5900	, 379, 1, 1),
(728	, 6000	, 265, 1, 1),
(729	, 6000	, 118, 1, 1),
(729	, 4100	, 118, 1, 1),
(730	, 7100	, 140, 1, 1),
(731	, 6000	, 236, 1, 1),
(732	, 6000	, 404, 1, 1),
(733	, 6000	, 99, 1, 1),
(734	, 6000	, 85, 1, 1),
(735	, 4600	, 85, 1, 1),
(736	, 5000	, 300, 1, 1),
(737	, 6100	, 189, 1, 1),
(738	, 5050	, 107, 1, 1),
(739	, 6000	, 177, 1, 1),
(740	, 6000	, 88, 1, 1),
(741	, 6000	, 47, 1, 1),
(742	, 6100	, 362, 1, 1),
(742	, 4100	, 362, 1, 1),
(742	, 6100	, 362, 1, 1),
(742	, 6200	, 362, 1, 1),
(743	, 6500	, 151, 1, 1),
(744	, 6000	, 402, 1, 1),
(745	, 6000	, 369, 1, 1),
(746	, 6000	, 227, 1, 1),
(747	, 6000	, 178, 1, 1),
(748	, 6000	, 307, 1, 1),
(749	, 6000	, 184, 1, 1),
(750	, NULL	, 98, 1, 1),
(751	, 6100	, 494, 1, 1),
(752	, 5510	, 323, 1, 1),
(752	, 5270	, 323, 1, 1),
(753	, 6600	, 239, 1, 1),
(754	, 6300	, 214, 1, 1),
(755	, 4400	, 280, 1, 1),
(383	, 5270	, 323, 1, 1),
(756	, 5900	, 127, 1, 1),
(757	, 6100	, 245, 1, 1),
(758	, 5900	, 98, 1, 1),
(759	, 2500	, 126, 1, 1),
(760	, 6254	, 59, 1, 1),
(761	, 5970	, 69, 1, 1),
(762	, 6000	, 303.33, 1, 1),
(763	, 6500	, 385, 1, 1),
(764	, 4500	, 141, 1, 1),
(765	, 4500	, 258, 1, 1),
(766	, 6600	, 465, 1, 1),
(767	, 5000	, 181, 1, 1),
(768	, 6000	, 275, 1, 1),
(769	, 6000	, 296, 1, 1),
(770	, 6000	, 196, 1, 1),
(771	, 6000	, 438, 1, 1),
(772	, 4000	, 696, 1, 1),
(772	, 6100	, 696, 1, 1),
(773	, 6100	, 195, 1, 1),
(774	, 6000	, 233, 1, 1),
(775	, 6000	, 364, 1, 1),
(776	, 6000	, 168, 1, 1),
(776	, 6500	, 168, 1, 1),
(777	, 6000	, 236, 1, 1),
(778	, 6000	, 234, 1, 1),
(779	, 6000	, 169, 1, 1),
(780	, 6000	, 69, 1, 1),
(781	, 6000	, 198, 1, 1),
(782	, 6000	, 317, 1, 1),
(783	, 6000	, 195, 1, 1),
(784	, 6000	, 220, 1, 1),
(785	, 6000	, 153, 1, 1),
(786	, 6000	, 126, 1, 1),
(787	, 6450	, 205, 1, 1),
(788	, 5650	, 250, 1, 1),
(789	, 6000	, 241, 1, 1),
(790	, 6800	, 255, 1, 1),
(791	, 7100	, 100, 1, 1),
(792	, 7100	, 113, 1, 1),
(793	, 6000	, 151, 1, 1),
(794	, 6000	, 380, 1, 1),
(795	, 6000	, 242, 1, 1),
(796	, 5900	, 118, 1, 1),
(797	, 6000	, 95, 1, 1),
(798	, 6600	, 290, 1, 1),
(798	, 6100	, 290, 1, 1),
(799	, 6000	, 154, 1, 1),
(800	, 6800	, 166, 1, 1),
(801	, 4800	, 495, 1, 1),
(801	, 6800	, 495, 1, 1),
(801	, 3800	, 495, 1, 1),
(802	, 6000	, 368, 1, 1),
(803	, 5900	, 128, 1, 1),
(804	, 6000	, 287, 1, 1),
(805	, 6800	, 445, 1, 1),
(806	, 6000	, 298, 1, 1),
(807	, 6500	, 192, 1, 1),
(808	, 6500	, 177, 1, 1),
(809	, 6500	, 177, 1, 1),
(810	, 6500	, 258, 1, 1),
(811	, 6500	, 158, 1, 1),
(812	, 6500	, 213, 1, 1),
(813	, 6500	, 224, 1, 1),
(814	, 6500	, 269, 1, 1),
(815	, 6500	, 224, 1, 1),
(816	, 6500	, 228, 1, 1),
(817	, 6500	, 159, 1, 1),
(818	, 6500	, 246, 1, 1),
(819	, 6098	, 343, 1, 1),
(820	, 4065	, 261, 1, 1),
(821	, 6200	, 490, 1, 1),
(822	, 6200	, 567, 1, 1),
(823	, 6000	, 164, 1, 1),
(823	, 6050	, 164, 1, 1),
(824	, 6000	, 302, 1, 1),
(825	, 6000	, 185, 1, 1),
(826	, 6000	, 342, 1, 1),
(827	, 6000	, 239, 1, 1),
(828	, 6000	, 338, 1, 1),
(829	, 6000	, 314, 1, 1),
(830	, 6000	, 268, 1, 1),
(831	, 6000	, 230, 1, 1),
(832	, 6000	, 200, 1, 1),
(833	, 6000	, 171, 1, 1),
(834	, 6000	, 127, 1, 1),
(835	, 6000	, 332, 1, 1),
(836	, 6000	, 188, 1, 1),
(837	, 6000	, 160, 1, 1),
(838	, 6000	, 190, 1, 1),
(839	, 6000	, 177, 1, 1),
(840	, 6000	, 246, 1, 1),
(841	, 6000	, 318, 1, 1),
(842	, 6000	, 390, 1, 1),
(843	, 6050	, 281, 1, 1),
(844	, 6050	, 364, 1, 1),
(845	, 6000	, 249, 1, 1),
(846	, 6000	, 277, 1, 1),
(847	, 5700	, 429, 1, 1),
(848	, 5700	, 297, 1, 1),
(849	, 6000	, 431, 1, 1),
(849	, 7000	, 431, 1, 1),
(850	, 6000	, 230, 1, 1),
(850	, 7000	, 230, 1, 1),
(851	, 6000	, 439, 1, 1),
(852	, 6000	, 54, 1, 1),
(853	, 6000	, 170, 1, 1),
(854	, 6000	, 157, 1, 1),
(854	, 5930	, 157, 1, 1),
(855	, 6000	, NULL, 1, 1),
(856	, 6000	, NULL, 1, 1),
(857	, 6000	, 368, 1, 1),
(858	, 6000	, 143, 1, 1),
(859	, 6000	, 354, 1, 1),
(860	, 6000	, 458, 1, 1),
(861	, 6000	, 455, 1, 1),
(862	, 6000	, 398, 1, 1),
(863	, 6000	, 481, 1, 1),
(864	, 6000	, 151, 1, 1),
(865	, 6000	, 332, 1, 1),
(865	, 6050	, 332, 1, 1),
(866	, 6000	, 126, 1, 1),
(866	, 6050	, 126, 1, 1),
(867	, 6000	, 482, 1, 1),
(868	, 6000	, 268, 1, 1),
(869	, 6000	, 186, 1, 1),
(869	, 6100	, 186, 1, 1),
(870	, 6000	, 353, 1, 1),
(871	, 6500	, 336, 1, 1),
(872	, 6000	, 309, 1, 1),
(873	, 6000	, 230, 1, 1),
(874	, 6000	, 215, 1, 1),
(875	, 6000	, 285.4, 1, 1),
(876	, 6000	, 260, 1, 1),
(877	, 6800	, 85, 1, 1),
(878	, 6800	, 73, 1, 1),
(879	, 6000	, 257, 1, 1),
(880	, 6000	, 405, 1, 1),
(881	, 6000	, 372, 1, 1),
(882	, 6000	, 148, 1, 1),
(883	, 6000	, 168, 1, 1),
(884	, 6000	, 184, 1, 1),
(885	, 6000	, 160, 1, 1),
(886	, 6000	, 230, 1, 1),
(887	, 6000	, 56, 1, 1),
(888	, 6000	, 53, 1, 1),
(889	, 6000	, 217, 1, 1),
(890	, 6000	, 189, 1, 1),
(891	, 6000	, 285, 1, 1),
(892	, 6000	, 202, 1, 1),
(893	, 6000	, 249, 1, 1),
(893	, 6500	, 249, 1, 1),
(894	, 6000	, 285, 1, 1),
(894	, 6500	, 285, 1, 1),
(895	, 6000	, 274, 1, 1),
(896	, 6000	, 277, 1, 1),
(897	, 6000	, 194, 1, 1),
(898	, 6000	, 291, 1, 1),
(898	, 6500	, 291, 1, 1),
(899	, 6000	, 317, 1, 1),
(900	, 6000	, 403, 1, 1),
(901	, 6000	, 210, 1, 1),
(902	, 6000	, 186, 1, 1),
(903	, 6000	, 123, 1, 1),
(904	, 6000	, 166, 1, 1),
(905	, 6000	, 140, 1, 1),
(906	, 6000	, 252, 1, 1),
(907	, 6000	, 117, 1, 1),
(908	, 6000	, 414, 1, 1),
(909	, 6000	, 472, 1, 1),
(910	, 6000	, 285, 1, 1),
(911	, 6000	, 547, 1, 1),
(912	, 6000	, 493, 1, 1),
(913	, 6000	, 331, 1, 1),
(914	, 6000	, 193, 1, 1),
(915	, 6000	, 162, 1, 1),
(916	, 6000	, 479, 1, 1),
(917	, 6000	, 354, 1, 1),
(918	, 6000	, NULL, 1, 1),
(919	, 6000	, 236, 1, 1),
(920	, 6000	, 298, 1, 1),
(921	, 6000	, 214, 1, 1),
(922	, 6000	, 274, 1, 1),
(923	, 6000	, NULL, 1, 1),
(924	, 6000	, 235, 1, 1),
(925	, 5400	, NULL, 1, 1),
(926	, 6000	, 664, 1, 1),
(927	, 6000	, 608, 1, 1),
(928	, 4100	, 85, 1, 1),
(928	, 5100	, 85, 1, 1),
(929	, 5100	, 100, 1, 1),
(929	, 6100	, 100, 1, 1),
(930	, 6000	, 161, 1, 1),
(931	, 6000	, 178, 1, 1),
(932	, 6000	, 80, 1, 1),
(933	, 6000	, 150, 1, 1),
(934	, 6000	, 440, 1, 1),
(935	, 6000	, 387, 1, 1),
(936	, 6000	, 422, 1, 1),
(937	, 6000	, 255, 1, 1),
(938	, 6000	, 202, 1, 1),
(939	, 6000	, 497, 1, 1),
(940	, 6000	, 252, 1, 1),
(941	, 6000	, 185, 1, 1),
(942	, 6000	, 92, 1, 1),
(943	, 5500	, 338, 1, 1),
(944	, 6000	, 239, 1, 1),
(945	, 6000	, 338, 1, 1),
(946	, 6000	, 323, 1, 1),
(947	, 6000	, 102, 1, 1),
(948	, 6000	, 311, 1, 1),
(948	, 5800	, 311, 1, 1),
(948	, 5700	, 311, 1, 1),
(948	, 5900	, 311, 1, 1),
(949	, 6000	, 343, 1, 1),
(950	, 6000	, 406, 1, 1),
(951	, 6000	, 240, 1, 1),
(952	, 6000	, 231, 1, 1),
(953	, 6000	, 713, 1, 1),
(954	, 6000	, 364, 1, 1),
(955	, 6000	, 492, 1, 1),
(956	, 6000	, 206, 1, 1),
(957	, 5400	, 252, 1, 1),
(958	, 6000	, 386, 1, 1),
(958	, 7100	, 386, 1, 1),
(959	, 6000	, 141, 1, 1),
(960	, 6000	, 72, 1, 1),
(961	, 6000	, 96, 1, 1),
(962	, 6000	, 288, 1, 1),
(962	, 6400	, 288, 1, 1),
(963	, 6000	, 411, 1, 1),
(963	, 6300	, 411, 1, 1),
(964	, 6200	, 695, 1, 1),
(965	, 6300	, 219, 1, 1),
(966	, 6200	, 407, 1, 1),
(967	, 6000	, 405, 1, 1),
(968	, 6150	, 700, 1, 1),
(969	, 6000	, 321, 1, 1),
(970	, 1688	, 174, 1, 1),
(971	, 6000	, 118, 1, 1),
(972	, 6000	, 117, 1, 1),
(973	, 6000	, 183, 1, 1),
(974	, 6000	, 185, 1, 1),
(975	, 6000	, 369, 1, 1),
(976	, 6000	, 108, 1, 1),
(977	, 6000	, 91, 1, 1),
(978	, 5800	, 265, 1, 1),
(979	, 5800	, 210, 1, 1),
(980	, 5800	, 238, 1, 1),
(981	, 4880	, 647, 1, 1),
(982	, 6500	, 148, 1, 1),
(983	, 6500	, 260, 1, 1),
(984	, 6500	, 195, 1, 1),
(985	, 6000	, 279, 1, 1),
(986	, 6000	, 199, 1, 1),
(986	, 5100	, 199, 1, 1),
(986	, 6100	, 199, 1, 1),
(987	, 6000	, 119, 1, 1),
(988	, 6000	, 263, 1, 1),
(989	, 6000	, 179, 1, 1),
(989	, 5000	, 179, 1, 1),
(990	, 6000	, 80, 1, 1),
(991	, 6000	, 120, 1, 1),
(992	, 6000	, 160, 1, 1),
(993	, 6000	, 160, 1, 1),
(994	, 6000	, 279, 1, 1),
(995	, 6000	, 199, 1, 1),
(996	, 6000	, 119, 1, 1),
(997	, 6000	, 263, 1, 1),
(998	, 6000	, 380, 1, 1),
(998	, 7000	, 380, 1, 1),
(998	, 4500	, 380, 1, 1),
(998	, 5600	, 380, 1, 1),
(998	, 5000	, 380, 1, 1),
(998	, 4000	, 380, 1, 1),
(999	, 6000	, 100, 1, 1),
(1000	, 6000	, 104, 1, 1),
(1001	, 6000	, 119, 1, 1),
(1002	, 6000	, 200, 1, 1),
(1002	, 4700	, 200, 1, 1),
(1002	, 4450	, 200, 1, 1),
(1002	, 5100	, 200, 1, 1),
(1002	, 6300	, 200, 1, 1),
(1003	, 6000	, 200, 1, 1),
(1003	, 6080	, 200, 1, 1),
(1003	, 4600	, 200, 1, 1),
(1003	, 4000	, 200, 1, 1),
(1003	, 5050	, 200, 1, 1),
(1003	, 5500	, 200, 1, 1),
(1003	, 6650	, 200, 1, 1),
(1004	, 6000	, 200, 1, 1),
(1005	, 6000	, 200, 1, 1),
(1006	, 6000	, 240, 1, 1),
(1006	, 4800	, 240, 1, 1),
(1007	, 6000	, 260, 1, 1),
(1008	, 6000	, 232, 1, 1),
(1008	, 5750	, 232, 1, 1),
(1008	, 5600	, 232, 1, 1),
(1009	, 6500	, 210, 1, 1),
(1010	, 6500	, 300, 1, 1),
(1010	, 6000	, 300, 1, 1),
(1011	, 6000	, 120, 1, 1),
(1011	, 6300	, 120, 1, 1),
(1012	, 6000	, 160, 1, 1),
(1013	, 6000	, 200, 1, 1),
(1014	, 6000	, 240, 1, 1),
(1015	, 6000	, 380, 1, 1),
(1016	, 6000	, 100, 1, 1),
(1017	, 6000	, 104, 1, 1),
(1018	, 6000	, 119, 1, 1),
(1019	, 6000	, 200, 1, 1),
(1020	, 6000	, 200, 1, 1),
(1021	, 6000	, 200, 1, 1),
(1022	, 6000	, 200, 1, 1),
(1023	, 6000	, 240, 1, 1),
(1024	, 6000	, 260, 1, 1),
(1025	, 6000	, 50, 1, 1),
(1026	, 6000	, 120, 1, 1),
(1027	, 6000	, 239, 1, 1),
(1028	, 6000	, 465, 1, 1),
(1029	, 6000	, 79, 1, 1),
(1030	, 6000	, 160, 1, 1),
(1030	, 7000	, 160, 1, 1),
(1031	, 6000	, 120, 1, 1),
(1032	, 6000	, 80, 1, 1),
(1033	, 6000	, 120, 1, 1),
(1033	, 4600	, 120, 1, 1),
(1033	, 3600	, 120, 1, 1),
(1034	, 6000	, 120, 1, 1),
(1035	, 6000	, 160, 1, 1),
(1036	, 6000	, 200, 1, 1),
(1036	, 6200	, 200, 1, 1),
(1037	, 6000	, 320, 1, 1),
(1038	, 6000	, 400, 1, 1),
(1038	, 6200	, 400, 1, 1),
(1039	, 5200	, 200, 1, 1),
(1039	, 6200	, 200, 1, 1),
(1040	, 6500	, 140, 1, 1),
(1041	, 5800	, 76, 1, 1),
(1042	, 6000	, 160, 1, 1),
(1043	, 6000	, 160, 1, 1),
(1044	, 6000	, 120, 1, 1),
(1045	, 6000	, 80, 1, 1),
(1046	, 6000	, 120, 1, 1),
(1047	, 6000	, 120, 1, 1),
(1048	, 6000	, 200, 1, 1),
(1049	, 6500	, 320, 1, 1),
(1050	, 6000	, 400, 1, 1);

SET FOREIGN_KEY_CHECKS = 1;