-- CORE INSERT SCRIPT LABORATORY

INSERT INTO users(id, username, password, password_salt, first_name, last_name, created_by, updated_by) VALUES 
(1, 'admin', 'yNcf58gzTp62MaOa23THAOOj50VXmR6i8oDt/Nff4d0=', '19cLL8FFIdfomX/FW8ZSFw==', 'Admin_first_name', 'Admin_last_name', 1, 1);

INSERT INTO roles(id, name, slug) VALUES 
(1, 'Админ', 'roles.admin'),
(2, 'Лаборант', 'roles.laboratory_assistant'),
(3, 'Счетоводител', 'roles.accountant'),
(4, 'Мениджър Качество', 'roles.manager_quality');

INSERT INTO permissions(id, name, slug) VALUES 
(1, 'Всичко', 'permissions.all'),
(2, 'Вижда проби', 'permissions.show_profiles'),
(3, 'Добавя проби', 'permissions.create_profiles'),
(4, 'Редактира проби', 'permissions.edit_profiles'),
(5, 'Изтрива проби', 'permissions.delete_profiles'),
(6, 'Вижда дни', 'permissions.show_days'),
(7, 'Добавя дни', 'permissions.create_days'),
(8, 'Редактира дни', 'permissions.edit_days'),
(9, 'Изтрива дни', 'permissions.delete_days'),
(10, 'Вижда месеци', 'permissions.show_months'),
(11, 'Добавя месеци', 'permissions.create_months'),
(12, 'Редактира месеци', 'permissions.edit_months'),
(13, 'Изтрива месеци', 'permissions.delete_months'),
(14, 'Прави справки', 'permissions.create_inquiry'),
(15, 'Вижда всички потребители', 'permissions.show_users'),
(16, 'Създава потребители', 'permissions.create_users'),
(17, 'Изтрива потребители', 'permissions.delete_users'),
(18, 'Заключва потребители', 'permissions.lock_users');

INSERT INTO months(id, name, slug) VALUES
('1', 'Януари', 'months.january'),
('2', 'Февруари', 'months.february'),
('3', 'Март', 'months.march'),
('4', 'Април', 'months.april'),
('5', 'Май', 'months.may'),
('6', 'Юни', 'months.june'),
('7', 'Юли', 'months.july'),
('8', 'Август', 'months.august'),
('9', 'Септември', 'months.september'),
('10', 'Октомври', 'months.october'),
('11', 'Ноември', 'months.november'),
('12', 'Декември', 'months.december');


INSERT INTO role_has_permissions(id, role_id, permission_id) VALUES 
(1, 1, 1),
(2, 2, 2),
(3, 2, 3),
(4, 2, 4),
(5, 2, 5),
(6, 2, 6),
(7, 2, 7),
(8, 2, 8),
(9, 2, 9),
(10, 2, 10),
(11, 2, 11),
(12, 2, 12),
(13, 2, 13),
(14, 2, 14),
(16, 3, 2),
(17, 3, 6),
(18, 3, 10),
(19, 3, 14),
(20, 4, 2),
(21, 4, 6),
(22, 4, 10),
(23, 4, 14),
(24, 4, 15);


INSERT INTO profiles(name, created_by, updated_by) VALUES
('1001', 1, 1),
('1002', 1, 1),
('1003', 1, 1),
('1004', 1, 1),
('1005', 1, 1),
('1006', 1, 1),
('1007', 1, 1),
('1008', 1, 1),
('1009', 1, 1),
('1012', 1, 1),
('1013', 1, 1),
('1014', 1, 1),
('1015', 1, 1),
('1016', 1, 1),
('1017', 1, 1),
('1018', 1, 1),
('1019', 1, 1),
('1020', 1, 1),
('1021', 1, 1),
('1022', 1, 1),
('1023', 1, 1),
('1024', 1, 1),
('1025', 1, 1),
('1026', 1, 1),
('1027', 1, 1),
('1028', 1, 1),
('1029', 1, 1),
('1030', 1, 1),
('1101', 1, 1),
('1102', 1, 1),
('1103', 1, 1),
('1104', 1, 1),
('1106', 1, 1),
('1107', 1, 1),
('1108', 1, 1),
('1109', 1, 1),
('2801', 1, 1),
('2802', 1, 1),
('2803', 1, 1),
('2804', 1, 1),
('2805', 1, 1),
('2806', 1, 1),
('2807', 1, 1),
('2808', 1, 1),
('2809', 1, 1),
('2810', 1, 1),
('2811', 1, 1),
('2812', 1, 1),
('2813', 1, 1),
('2814', 1, 1),
('2815', 1, 1),
('2816', 1, 1),
('3016', 1, 1),
('3024', 1, 1),
('3025', 1, 1),
('3026', 1, 1),
('3027', 1, 1),
('3054', 1, 1),
('3801', 1, 1),
('3802', 1, 1),
('3803', 1, 1),
('3804', 1, 1),
('3805', 1, 1),
('3806', 1, 1),
('3807', 1, 1),
('3808', 1, 1),
('3809', 1, 1),
('3810', 1, 1),
('3811', 1, 1),
('3812', 1, 1),
('3813', 1, 1),
('3814', 1, 1),
('3815', 1, 1),
('3816', 1, 1),
('3817', 1, 1),
('3818', 1, 1),
('3819', 1, 1),
('3820', 1, 1),
('3821', 1, 1),
('3822', 1, 1),
('3823', 1, 1),
('3824', 1, 1),
('3825', 1, 1),
('3826', 1, 1),
('3827', 1, 1),
('3828', 1, 1),
('3829', 1, 1),
('3830', 1, 1),
('3831', 1, 1),
('3832', 1, 1),
('3833', 1, 1),
('3834', 1, 1),
('3835', 1, 1),
('3836', 1, 1),
('3837', 1, 1),
('3838', 1, 1),
('3839', 1, 1),
('3840', 1, 1),
('3841', 1, 1),
('4001', 1, 1),
('4002', 1, 1),
('4003', 1, 1),
('4004', 1, 1),
('4005', 1, 1),
('4006', 1, 1),
('4007', 1, 1),
('4008', 1, 1),
('4009', 1, 1),
('4010', 1, 1),
('4011', 1, 1),
('4012', 1, 1),
('4013', 1, 1),
('4014', 1, 1),
('4015', 1, 1),
('4016', 1, 1),
('4018', 1, 1),
('5001', 1, 1),
('5002', 1, 1),
('5003', 1, 1),
('5004', 1, 1),
('5005', 1, 1),
('5006', 1, 1),
('5007', 1, 1),
('5008', 1, 1),
('5009', 1, 1),
('5010', 1, 1),
('5011', 1, 1),
('5012', 1, 1),
('5013', 1, 1),
('5014', 1, 1),
('5015', 1, 1),
('5016', 1, 1),
('5017', 1, 1),
('5018', 1, 1),
('5019', 1, 1),
('5020', 1, 1),
('5021', 1, 1),
('5022', 1, 1),
('5023', 1, 1),
('5025', 1, 1),
('5026', 1, 1),
('5027', 1, 1),
('5028', 1, 1),
('5029', 1, 1),
('5030', 1, 1),
('5031', 1, 1),
('5032', 1, 1),
('5033', 1, 1),
('5034', 1, 1),
('5035', 1, 1),
('5036', 1, 1),
('5037', 1, 1),
('5038', 1, 1),
('5039', 1, 1),
('5040', 1, 1),
('5043', 1, 1),
('5044', 1, 1),
('5045', 1, 1),
('5046', 1, 1),
('5052', 1, 1),
('5054', 1, 1),
('5058', 1, 1),
('5063', 1, 1),
('5501', 1, 1),
('5502', 1, 1),
('5503', 1, 1),
('5504', 1, 1),
('5505', 1, 1),
('5506', 1, 1),
('5507', 1, 1),
('5508', 1, 1),
('5509', 1, 1),
('5510', 1, 1),
('5511', 1, 1),
('5512', 1, 1),
('5513', 1, 1),
('5514', 1, 1),
('5515', 1, 1),
('5516', 1, 1),
('5517', 1, 1),
('5518', 1, 1),
('5519', 1, 1),
('5520', 1, 1),
('5521', 1, 1),
('5522', 1, 1),
('5523', 1, 1),
('6001', 1, 1),
('6002', 1, 1),
('6003', 1, 1),
('6004', 1, 1),
('6005', 1, 1),
('6006', 1, 1),
('6007', 1, 1),
('6008', 1, 1),
('6009', 1, 1),
('6010', 1, 1),
('6011', 1, 1),
('6012', 1, 1),
('6013', 1, 1),
('6014', 1, 1),
('6015', 1, 1),
('6016', 1, 1),
('6033', 1, 1),
('7001', 1, 1),
('7002', 1, 1),
('7003', 1, 1),
('7004', 1, 1),
('7005', 1, 1),
('7006', 1, 1),
('7007', 1, 1),
('7010', 1, 1),
('7012', 1, 1),
('7014', 1, 1),
('7015', 1, 1),
('7016', 1, 1),
('7017', 1, 1),
('7018', 1, 1),
('7019', 1, 1),
('7020', 1, 1),
('7022', 1, 1),
('7023', 1, 1),
('8501', 1, 1),
('50032', 1, 1),
('50061', 1, 1),
('50062', 1, 1),
('50201', 1, 1),
('50202', 1, 1),
('50211', 1, 1),
('50221', 1, 1),
('50231', 1, 1),
('50232', 1, 1),
('55011', 1, 1),
('55012', 1, 1),
('55021', 1, 1),
('55022', 1, 1),
('55031', 1, 1),
('55032', 1, 1),
('55041', 1, 1),
('55042', 1, 1),
('55051', 1, 1),
('55052', 1, 1),
('55061', 1, 1),
('55062', 1, 1),
('55071', 1, 1),
('55072', 1, 1),
('55101', 1, 1),
('55102', 1, 1),
('55111', 1, 1),
('55112', 1, 1),
('55141', 1, 1),
('55142', 1, 1),
('55151', 1, 1),
('55152', 1, 1),
('55161', 1, 1),
('55162', 1, 1),
('55171', 1, 1),
('55172', 1, 1),
('55181', 1, 1),
('55182', 1, 1),
('55191', 1, 1),
('55221', 1, 1),
('55222', 1, 1),
('55231', 1, 1),
('55232', 1, 1),
('55251', 1, 1),
('55262', 1, 1),
('55272', 1, 1),
('55292', 1, 1),
('60011', 1, 1),
('60012', 1, 1),
('60021', 1, 1),
('60022', 1, 1),
('60031', 1, 1),
('60032', 1, 1),
('60033', 1, 1),
('60041', 1, 1),
('60042', 1, 1),
('60051', 1, 1),
('60052', 1, 1),
('60053', 1, 1),
('60061', 1, 1),
('60062', 1, 1),
('60063', 1, 1),
('60071', 1, 1),
('60072', 1, 1),
('60081', 1, 1),
('60082', 1, 1),
('60091', 1, 1),
('60092', 1, 1),
('60101', 1, 1),
('60102', 1, 1),
('70012', 1, 1),
('70031', 1, 1),
('70032', 1, 1),
('70041', 1, 1),
('70051', 1, 1),
('70101', 1, 1),
('70142', 1, 1),
('70162', 1, 1),
('70191', 1, 1),
('70192', 1, 1),
('70222', 1, 1),
('0365S', 1, 1),
('0484S', 1, 1),
('3807А', 1, 1),
('AC01', 1, 1),
('FB 9008', 1, 1),
('FB9002', 1, 1),
('FB9003', 1, 1),
('FRFS', 1, 1),
('Fuji 2000', 1, 1),
('K 0003', 1, 1),
('K 0004', 1, 1),
('K 0005', 1, 1),
('K 0006', 1, 1),
('K 0007', 1, 1),
('K 0008', 1, 1),
('K 0009', 1, 1),
('K 0010', 1, 1),
('K 0012', 1, 1),
('K 0016', 1, 1),
('K 0017', 1, 1),
('K 0027', 1, 1),
('K 0028', 1, 1),
('K 0076', 1, 1),
('K 0077', 1, 1),
('K 0078', 1, 1),
('K 0085', 1, 1),
('K 0086', 1, 1),
('K 0087', 1, 1),
('K 0088', 1, 1),
('K 0089', 1, 1),
('K 0091', 1, 1),
('K 0099', 1, 1),
('K 0118', 1, 1),
('K 0119', 1, 1),
('K 0120', 1, 1),
('K 0121', 1, 1),
('K 0122', 1, 1),
('K 0159', 1, 1),
('K 0160', 1, 1),
('K 0255', 1, 1),
('K 0276', 1, 1),
('K 0278', 1, 1),
('K 0281', 1, 1),
('K 0282', 1, 1),
('K 0291', 1, 1),
('K 0294', 1, 1),
('K 0296', 1, 1),
('K 0315', 1, 1),
('K 0320', 1, 1),
('K 0321', 1, 1),
('K 0335', 1, 1),
('K 0336', 1, 1),
('K 0337', 1, 1),
('K 0338', 1, 1),
('K 0339', 1, 1),
('K 0349', 1, 1),
('K 0367', 1, 1),
('K 0368', 1, 1),
('K 0369', 1, 1),
('K 0390', 1, 1),
('K 0391', 1, 1),
('K 0392', 1, 1),
('K 0394', 1, 1),
('K 0420', 1, 1),
('K 0429', 1, 1),
('K 0431', 1, 1),
('K 0432', 1, 1),
('K 0458', 1, 1),
('K 0459', 1, 1),
('K 0463', 1, 1),
('K 0507', 1, 1),
('K 0515', 1, 1),
('K 0536', 1, 1),
('K 0541', 1, 1),
('K 0546', 1, 1),
('K 0553', 1, 1),
('K 0554', 1, 1),
('K 0555', 1, 1),
('K 0556', 1, 1),
('K 0557', 1, 1),
('K 0558', 1, 1),
('K 0561', 1, 1),
('K 0563', 1, 1),
('K 0564', 1, 1),
('K 0565', 1, 1),
('K 0569', 1, 1),
('K 0570', 1, 1),
('K 0571', 1, 1),
('K 0580', 1, 1),
('K 0596', 1, 1),
('K 0626', 1, 1),
('K 0627', 1, 1),
('K 0630', 1, 1),
('K 0644', 1, 1),
('K 0669', 1, 1),
('K 0670', 1, 1),
('K 0671', 1, 1),
('K 0673', 1, 1),
('K 0674', 1, 1),
('K 0675', 1, 1),
('K 0677', 1, 1),
('K 0685', 1, 1),
('K 0687', 1, 1),
('K 0689', 1, 1),
('K 0704', 1, 1),
('K 0705', 1, 1),
('K 0722', 1, 1),
('K 0724', 1, 1),
('K 0729', 1, 1),
('K 0730', 1, 1),
('K 0731', 1, 1),
('K 0732', 1, 1),
('K 0733', 1, 1),
('K 0734', 1, 1),
('K 0746', 1, 1),
('K 0747', 1, 1),
('K 0748', 1, 1),
('K 0754', 1, 1),
('K 0755', 1, 1),
('K 0776', 1, 1),
('K 0778', 1, 1),
('K 0779', 1, 1),
('K 0780', 1, 1),
('K 0781', 1, 1),
('K 0782', 1, 1),
('K 0783', 1, 1),
('K 0786', 1, 1),
('K 0787', 1, 1),
('K 0788', 1, 1),
('K 0789', 1, 1),
('K 0797', 1, 1),
('K 0798', 1, 1),
('K 0800', 1, 1),
('K 0801', 1, 1),
('K 0803-1', 1, 1),
('K 0803-2', 1, 1),
('K 0805-1', 1, 1),
('K 0805-2', 1, 1),
('K 0806-2', 1, 1),
('K 0807-1', 1, 1),
('K 0807-2', 1, 1),
('K 0809-1', 1, 1),
('K 0809-2', 1, 1),
('K 0811-1', 1, 1),
('K 0811-2', 1, 1),
('K 0812-1', 1, 1),
('K 0842', 1, 1),
('K 0854', 1, 1),
('K 0861', 1, 1),
('K 0862', 1, 1),
('K 0863', 1, 1),
('K 0872', 1, 1),
('K 0918', 1, 1),
('K 0973', 1, 1),
('K 0980', 1, 1),
('K 0983', 1, 1),
('K 0984', 1, 1),
('K 0985', 1, 1),
('K 0986', 1, 1),
('K 0987', 1, 1),
('K 0988', 1, 1),
('K 0989', 1, 1),
('K 0997-1', 1, 1),
('K 0997-2', 1, 1),
('K 0998-1', 1, 1),
('K 0998-2', 1, 1),
('K 0999-1', 1, 1),
('K 0999-2', 1, 1),
('K 1001-1', 1, 1),
('K 1001-2', 1, 1),
('K 1006', 1, 1),
('K 1007', 1, 1),
('K 1008', 1, 1),
('K 1009', 1, 1),
('K 1010', 1, 1),
('K 1011', 1, 1),
('K 1020', 1, 1),
('K 1025', 1, 1),
('K 1031', 1, 1),
('K 1033', 1, 1),
('K 1034', 1, 1),
('K 1035', 1, 1),
('K 1036', 1, 1),
('K 1037', 1, 1),
('K 1038', 1, 1),
('K 1065', 1, 1),
('K 1067', 1, 1),
('K 1084', 1, 1),
('K 1105', 1, 1),
('K 1111', 1, 1),
('K 1113', 1, 1),
('K 1115', 1, 1),
('K 1116', 1, 1),
('K 1117', 1, 1),
('K 1125', 1, 1),
('K 1126', 1, 1),
('K 1127', 1, 1),
('K 1129', 1, 1),
('K 1130', 1, 1),
('K 1158', 1, 1),
('K 1161-1', 1, 1),
('K 1161-2', 1, 1),
('K 1162-1', 1, 1),
('K 1162-2', 1, 1),
('K 1163-1', 1, 1),
('K 1163-2', 1, 1),
('K 1165-1', 1, 1),
('K 1165-2', 1, 1),
('K 1166-1', 1, 1),
('K 1166-2', 1, 1),
('K 1166-3', 1, 1),
('K 1167-1', 1, 1),
('K 1167-2', 1, 1),
('K 1168-1', 1, 1),
('K 1168-2', 1, 1),
('K 1169-1', 1, 1),
('K 1169-2', 1, 1),
('K 1170', 1, 1),
('K 1171', 1, 1),
('K 1177', 1, 1),
('K 1184', 1, 1),
('K 1185', 1, 1),
('K 1186', 1, 1),
('K 1198', 1, 1),
('K 1207', 1, 1),
('K 1209', 1, 1),
('K 1210', 1, 1),
('K 1211', 1, 1),
('K 1212', 1, 1),
('K 1219', 1, 1),
('K 1231', 1, 1),
('K 1234', 1, 1),
('K 1240', 1, 1),
('K 1241', 1, 1),
('K 1249', 1, 1),
('K 1250', 1, 1),
('K 1263', 1, 1),
('K 1264', 1, 1),
('K 1265', 1, 1),
('K 1266', 1, 1),
('K 1267', 1, 1),
('K 1268', 1, 1),
('K 1278', 1, 1),
('K 1279', 1, 1),
('K 1284', 1, 1),
('K 1315', 1, 1),
('K 1316', 1, 1),
('K 1336', 1, 1),
('K 1337', 1, 1),
('K 1365', 1, 1),
('K 1377', 1, 1),
('K 1383', 1, 1),
('K 1389', 1, 1),
('K 1390', 1, 1),
('K 1392', 1, 1),
('K 1393', 1, 1),
('K 1420', 1, 1),
('K 1442', 1, 1),
('K 1450', 1, 1),
('K 1495', 1, 1),
('K 1496', 1, 1),
('K 1497', 1, 1),
('K 1498', 1, 1),
('K 1500', 1, 1),
('K 1525', 1, 1),
('K 1530', 1, 1),
('K 1555', 1, 1),
('K 1556', 1, 1),
('K 1557', 1, 1),
('K 1585', 1, 1),
('K 1586', 1, 1),
('K 1587', 1, 1),
('K 1603', 1, 1),
('K 1639', 1, 1),
('K 1640', 1, 1),
('K 1641', 1, 1),
('K 1648', 1, 1),
('K 1669', 1, 1),
('K 1671', 1, 1),
('K 1672', 1, 1),
('K 1673И', 1, 1),
('K 1674', 1, 1),
('K 1675И', 1, 1),
('K 1680', 1, 1),
('K 1682', 1, 1),
('K 1683', 1, 1),
('K 1684', 1, 1),
('K 1685', 1, 1),
('K 1698', 1, 1),
('K 1700И', 1, 1),
('K 1701', 1, 1),
('K 1736', 1, 1),
('K 1750', 1, 1),
('K 1751', 1, 1),
('K 1755', 1, 1),
('K 1757', 1, 1),
('K 1762', 1, 1),
('K 1763', 1, 1),
('K 1766И', 1, 1),
('K 1769', 1, 1),
('K 1770', 1, 1),
('K 1806', 1, 1),
('K 1870', 1, 1),
('K 1871', 1, 1),
('K 1872', 1, 1),
('K 1879', 1, 1),
('K 1896', 1, 1),
('K 1898', 1, 1),
('K 1899', 1, 1),
('K 1900', 1, 1),
('K 1907', 1, 1),
('K 1908', 1, 1),
('K 1909', 1, 1),
('K 1910', 1, 1),
('K 1911', 1, 1),
('K 1912', 1, 1),
('K 1913', 1, 1),
('K 1924И', 1, 1),
('K 1973', 1, 1),
('K 1974', 1, 1),
('K 2029', 1, 1),
('K 2030', 1, 1),
('K 2090', 1, 1),
('K 2132', 1, 1),
('K 2170', 1, 1),
('K 2172', 1, 1),
('K 2173', 1, 1),
('K 2174', 1, 1),
('K 2177', 1, 1),
('K 2182', 1, 1),
('K 2183', 1, 1),
('K 2194', 1, 1),
('K 2195', 1, 1),
('K 2196', 1, 1),
('K 2197', 1, 1),
('K 2202', 1, 1),
('K 2203', 1, 1),
('K 2204', 1, 1),
('K 2205', 1, 1),
('K 2209', 1, 1),
('K 2210', 1, 1),
('K 2233', 1, 1),
('K 2234', 1, 1),
('K 2240', 1, 1),
('K 2292', 1, 1),
('K 2293', 1, 1),
('K 2298', 1, 1),
('K 2303', 1, 1),
('K 2307', 1, 1),
('K 2312', 1, 1),
('K 2366', 1, 1),
('K 2367', 1, 1),
('K 2390', 1, 1),
('K 2407', 1, 1),
('K 2409', 1, 1),
('K 2410', 1, 1),
('K 2417', 1, 1),
('K 2511', 1, 1),
('K 2512', 1, 1),
('K 25541', 1, 1),
('K 25542', 1, 1),
('K 2582', 1, 1),
('K 2589', 1, 1),
('K 2590', 1, 1),
('K 771125', 1, 1),
('K 771127', 1, 1),
('K 771129', 1, 1),
('K 771210', 1, 1),
('K 771334', 1, 1),
('K 771740', 1, 1),
('K0001', 1, 1),
('K0002', 1, 1),
('K0003', 1, 1),
('K0004', 1, 1),
('K0005', 1, 1),
('K0006', 1, 1),
('K0007', 1, 1),
('K0008', 1, 1),
('K0009', 1, 1),
('K0010', 1, 1),
('K0012', 1, 1),
('K0013', 1, 1),
('K0016', 1, 1),
('K0017', 1, 1),
('K0028', 1, 1),
('K0043', 1, 1),
('K0044', 1, 1),
('K0076', 1, 1),
('K0077', 1, 1),
('K0078', 1, 1),
('K0085', 1, 1),
('K0086', 1, 1),
('K0087', 1, 1),
('K0088', 1, 1),
('K0089', 1, 1),
('K0091', 1, 1),
('K0093', 1, 1),
('K0094', 1, 1),
('K0096', 1, 1),
('K0118', 1, 1),
('K0119', 1, 1),
('K0120', 1, 1),
('K0121', 1, 1),
('K0122', 1, 1),
('K0159', 1, 1),
('K0160', 1, 1),
('K0259', 1, 1),
('K0260', 1, 1),
('K0276', 1, 1),
('K0278', 1, 1),
('K0281', 1, 1),
('K0282', 1, 1),
('K0291', 1, 1),
('K0294', 1, 1),
('K0296', 1, 1),
('K0307', 1, 1),
('K0308', 1, 1),
('K0317', 1, 1),
('K0318', 1, 1),
('K0319', 1, 1),
('K0320', 1, 1),
('K0321', 1, 1),
('K0336', 1, 1),
('K0337', 1, 1),
('K0338', 1, 1),
('K0339', 1, 1),
('K0349', 1, 1),
('K0367', 1, 1),
('K0368', 1, 1),
('K0369', 1, 1),
('K0378', 1, 1),
('K0390', 1, 1),
('K0391', 1, 1),
('K0392', 1, 1),
('K0394', 1, 1),
('K0420', 1, 1),
('K0426', 1, 1),
('K0428', 1, 1),
('K0431', 1, 1),
('K0432', 1, 1),
('K0463', 1, 1),
('K0495', 1, 1),
('K0496', 1, 1),
('K0507', 1, 1),
('K0508', 1, 1),
('K0541', 1, 1),
('K0543', 1, 1),
('K0546', 1, 1),
('K0553', 1, 1),
('K0554', 1, 1),
('K0555', 1, 1),
('K0556', 1, 1),
('K0557', 1, 1),
('K0563', 1, 1),
('K0564', 1, 1),
('K0565', 1, 1),
('K0569', 1, 1),
('K0570', 1, 1),
('K0571', 1, 1),
('K0573', 1, 1),
('K0580', 1, 1),
('K0581', 1, 1),
('K0582', 1, 1),
('K0596', 1, 1),
('K0599', 1, 1),
('K0600', 1, 1),
('K0626', 1, 1),
('K0627', 1, 1),
('K0630', 1, 1),
('K0644', 1, 1),
('K0663', 1, 1),
('K0669', 1, 1),
('K0670', 1, 1),
('K0671', 1, 1),
('K0673', 1, 1),
('K0674', 1, 1),
('K0675', 1, 1),
('K0676', 1, 1),
('K0677', 1, 1),
('K0685', 1, 1),
('K0708', 1, 1),
('K0709', 1, 1),
('K0710', 1, 1),
('K0724', 1, 1),
('K0729', 1, 1),
('K0730', 1, 1),
('k0731', 1, 1),
('K0732', 1, 1),
('K0733', 1, 1),
('K0734', 1, 1),
('K0746', 1, 1),
('K0747', 1, 1),
('K0748', 1, 1),
('K0776', 1, 1),
('K0778', 1, 1),
('K0779', 1, 1),
('K0786', 1, 1),
('K0787', 1, 1),
('K0788', 1, 1),
('K0789', 1, 1),
('K0797', 1, 1),
('K0798', 1, 1),
('K0800', 1, 1),
('K0801', 1, 1),
('K0803-1', 1, 1),
('K0803-2', 1, 1),
('K0805-1', 1, 1),
('K0805-2', 1, 1),
('K0806-2', 1, 1),
('K0807-1', 1, 1),
('K0807-2', 1, 1),
('K0809-1', 1, 1),
('K0809-2', 1, 1),
('K0811-1', 1, 1),
('K0811-2', 1, 1),
('K0812-1', 1, 1),
('K0835', 1, 1),
('K0836', 1, 1),
('K0838', 1, 1),
('K0839', 1, 1),
('K0854', 1, 1),
('K0861', 1, 1),
('K0862', 1, 1),
('K0863', 1, 1),
('K0872', 1, 1),
('K0918', 1, 1),
('K0926', 1, 1),
('K0927', 1, 1),
('K0928', 1, 1),
('K0929', 1, 1),
('K0930', 1, 1),
('K0931', 1, 1),
('K0932', 1, 1),
('K0976', 1, 1),
('K0977', 1, 1),
('K0980', 1, 1),
('K0983', 1, 1),
('K0984', 1, 1),
('K0985', 1, 1),
('K0986', 1, 1),
('K0988', 1, 1),
('K0989', 1, 1),
('K0997-1', 1, 1),
('K0997-2', 1, 1),
('K0998-1', 1, 1),
('K0998-2', 1, 1),
('K1006', 1, 1),
('K1007', 1, 1),
('K1008', 1, 1),
('K1009', 1, 1),
('K1020', 1, 1),
('K1022', 1, 1),
('K1023', 1, 1),
('K1024', 1, 1),
('K1025', 1, 1),
('K1026', 1, 1),
('K1030', 1, 1),
('K1031', 1, 1),
('K1032', 1, 1),
('K1033', 1, 1),
('K1034', 1, 1),
('K1035', 1, 1),
('K1036', 1, 1),
('K1037', 1, 1),
('K1041', 1, 1),
('K1065', 1, 1),
('K1067', 1, 1),
('K1072', 1, 1),
('K1084', 1, 1),
('K1100', 1, 1),
('K1101', 1, 1),
('K1102', 1, 1),
('K1111', 1, 1),
('K1112', 1, 1),
('K1113', 1, 1),
('K1114', 1, 1),
('k1115', 1, 1),
('K1116', 1, 1),
('K1117', 1, 1),
('K1125', 1, 1),
('K1126', 1, 1),
('K1127', 1, 1),
('K1128', 1, 1),
('K1129', 1, 1),
('K1130', 1, 1),
('K1134', 1, 1),
('K1161-1', 1, 1),
('K1161-2', 1, 1),
('K1162-1', 1, 1),
('K1162-2', 1, 1),
('K1163-1', 1, 1),
('K1163-2', 1, 1),
('K1164-2', 1, 1),
('K1165-1', 1, 1),
('K1165-2', 1, 1),
('K1167-1', 1, 1),
('K1167-2', 1, 1),
('K1168-1', 1, 1),
('K1168-2', 1, 1),
('K1170', 1, 1),
('K1171', 1, 1),
('K1177', 1, 1),
('K1186', 1, 1),
('K1234', 1, 1),
('K1240', 1, 1),
('K1263', 1, 1),
('K1264', 1, 1),
('K1265', 1, 1),
('K1266', 1, 1),
('K1267', 1, 1),
('K1268', 1, 1),
('K1278', 1, 1),
('K1284', 1, 1),
('K1295', 1, 1),
('K1296', 1, 1),
('K1297', 1, 1),
('K1323', 1, 1),
('K1324', 1, 1),
('K1325', 1, 1),
('K1334', 1, 1),
('K1335', 1, 1),
('K1336', 1, 1),
('K1337', 1, 1),
('K1387', 1, 1),
('K1388', 1, 1),
('K1390', 1, 1),
('K1392', 1, 1),
('K1394', 1, 1),
('K1406', 1, 1),
('K1407', 1, 1),
('K1442', 1, 1),
('K1461', 1, 1),
('K1462', 1, 1),
('K1463', 1, 1),
('K1464', 1, 1),
('K1468', 1, 1),
('K1472', 1, 1),
('K1473', 1, 1),
('K1492', 1, 1),
('K1493', 1, 1),
('K1498', 1, 1),
('K1502', 1, 1),
('K1503', 1, 1),
('K1504', 1, 1),
('K1505', 1, 1),
('K1507', 1, 1),
('K1508', 1, 1),
('K1509', 1, 1),
('K1510', 1, 1),
('K1511', 1, 1),
('K1512', 1, 1),
('K1513', 1, 1),
('K1514', 1, 1),
('K1515', 1, 1),
('K1525', 1, 1),
('K1530', 1, 1),
('K1531', 1, 1),
('K1538', 1, 1),
('K1539', 1, 1),
('K1554', 1, 1),
('K1555', 1, 1),
('K1556', 1, 1),
('K1557', 1, 1),
('K1585', 1, 1),
('K1586', 1, 1),
('K1587', 1, 1),
('K1648', 1, 1),
('K1739', 1, 1),
('K1907', 1, 1),
('K1908', 1, 1),
('K1909', 1, 1),
('K1910', 1, 1),
('K1911', 1, 1),
('K1912', 1, 1),
('K1913', 1, 1),
('K2447', 1, 1),
('K2491', 1, 1),
('K2534', 1, 1),
('K2620', 1, 1),
('K771125', 1, 1),
('K771212', 1, 1),
('K771214', 1, 1),
('L 6001', 1, 1),
('L 6002', 1, 1),
('L 6003', 1, 1),
('L 6004', 1, 1),
('L 6012', 1, 1),
('L1101', 1, 1),
('L1102', 1, 1),
('L1103', 1, 1),
('L1104', 1, 1),
('L6001', 1, 1),
('L6002', 1, 1),
('L6003', 1, 1),
('L6004', 1, 1),
('OT 8001', 1, 1),
('OT 8002', 1, 1),
('OT 8003', 1, 1),
('OT 8004', 1, 1),
('OT 8006', 1, 1),
('OT 8007', 1, 1),
('OT 8008', 1, 1),
('OT 8009', 1, 1),
('OT 8010', 1, 1),
('OT 8011', 1, 1),
('OT 8018', 1, 1),
('OT 8028', 1, 1),
('OT 8030', 1, 1),
('OT1105', 1, 1),
('OT1106', 1, 1),
('OT1108', 1, 1),
('OT1109', 1, 1),
('OT8001', 1, 1),
('OT8002', 1, 1),
('OT8003', 1, 1),
('OT8004', 1, 1),
('OT8006', 1, 1),
('OT8007', 1, 1),
('OT8008', 1, 1),
('OT8009', 1, 1),
('OT8010', 1, 1),
('OT8011', 1, 1),
('RB9501', 1, 1),
('RT7503', 1, 1),
('RT7504', 1, 1),
('RT7505', 1, 1),
('RT7506', 1, 1),
('ST 8501', 1, 1),
('ST 8502', 1, 1),
('ST 8503', 1, 1),
('ST 8504', 1, 1),
('ST 8505', 1, 1),
('ST 8506', 1, 1),
('ST 8507', 1, 1),
('ST 8508', 1, 1),
('ST 8509', 1, 1),
('ST 8513', 1, 1),
('ST 8516', 1, 1),
('ST 8518', 1, 1),
('ST1107', 1, 1),
('ST8501', 1, 1),
('ST8502', 1, 1),
('ST8503', 1, 1),
('ST8504', 1, 1),
('ST8505', 1, 1),
('ST8507', 1, 1),
('ST8508', 1, 1),
('ST8509', 1, 1);

INSERT INTO profile_has_lengths_perimeter(profile_id, length, perimeter) VALUES 
(1	, 6000	, 92),
(2	, 6000	, 139),
(3	, 6000	, 305),
(4	, 6000	, 346),
(5	, 6000	, 363),
(6	, 6000	, 346),
(6	, 6500	, 346),
(6	, 7000	, 346),
(7	, 6000	, 384),
(7	, 6300	, 384),
(7	, 6500	, 384),
(7	, 7000	, 384),
(8	, 6300	, 424),
(8	, 6000	, 424),
(8	, 6700	, 424),
(9	, 6300	, 464),
(9	, 6000	, 464),
(9	, 6700	, 464),
(10	, 6000	, 303),
(11	, 6000	, 117),
(12	, 6300	, 503),
(12	, 6000	, 503),
(12	, 6600	, 503),
(13	, 6000	, 227),
(13	, 6300	, 227),
(14	, 6300	, 265),
(14	, 6000	, 265),
(15	, 6300	, 305),
(16	, 6300	, 345),
(16	, 6000	, 345),
(17	, 6000	, 92),
(17	, 7000	, 92),
(18	, 6000	, 560),
(19	, 6000	, 600),
(20	, 6000	, 660),
(21	, 6000	, 700),
(22	, 6000	, 231),
(22	, 6500	, 231),
(22	, 7000	, 231),
(22	, 5000	, 231),
(23	, 6000	, 144),
(23	, 6500	, 144),
(24	, 6000	, 334),
(25	, 6000	, 448),
(26	, 6000	, 147),
(26	, 6500	, 147),
(26	, 4800	, 147),
(26	, 4700	, 147),
(26	, 4550	, 147),
(26	, 4500	, 147),
(26	, 4250	, 147),
(26	, 7000	, 147),
(26	, 5700	, 147),
(26	, 6100	, 147),
(26	, 3950	, 147),
(26	, 4900	, 147),
(26	, 3680	, 147),
(26	, 3850	, 147),
(26	, 4170	, 147),
(26	, 4210	, 147),
(26	, 5350	, 147),
(26	, 5800	, 147),
(26	, 6380	, 147),
(26	, 6520	, 147),
(26	, 5900	, 147),
(26	, 6420	, 147),
(26	, 6680	, 147),
(26	, 6720	, 147),
(26	, 6200	, 147),
(26	, 5000	, 147),
(26	, 5500	, 147),
(26	, 5200	, 147),
(26	, 6770	, 147),
(26	, 6390	, 147),
(26	, 6300	, 147),
(27	, 6300	, 584),
(28	, 6300	, 683),
(29	, 6000	, 80),
(30	, 6000	, 120),
(30	, 5500	, 120),
(30	, 5000	, 120),
(31	, 6000	, 160),
(32	, 6000	, 160),
(33	, 6000	, 160),
(34	, 6000	, 160),
(34	, 6500	, 160),
(35	, 6000	, 200),
(35	, 6600	, 200),
(35	, 7000	, 200),
(35	, 4700	, 200),
(35	, 4500	, 200),
(35	, 5300	, 200),
(36	, 6000	, 240),
(36	, 5500	, 240),
(36	, 6200	, 240),
(37	, 6000	, 182),
(37	, 7000	, 182),
(38	, 6000	, 227),
(38	, 6500	, 227),
(38	, 7000	, 227),
(39	, 6000	, 333),
(39	, 6500	, 333),
(40	, 6000	, 241),
(41	, 6000	, 187),
(41	, 6500	, 187),
(42	, 6000	, 80),
(43	, 6000	, 121),
(44	, 6000	, 143),
(45	, 6000	, 144),
(46	, 6000	, 307),
(47	, 6000	, 155),
(48	, 6000	, 353),
(48	, 6400	, 353),
(49	, 6000	, 182),
(50	, 6000	, 134),
(51	, 6000	, 388),
(51	, 6500	, 388),
(52	, 6000	, 388),
(53	, NULL	, NULL),
(54	, NULL	, NULL),
(55	, NULL	, NULL),
(56	, NULL	, NULL),
(57	, NULL	, NULL),
(58	, NULL	, NULL),
(59	, 6010	, 280),
(59	, 6000	, 280),
(59	, 6100	, 280),
(59	, 6400	, 280),
(59	, 6500	, 280),
(60	, 6000	, 308),
(61	, 6000	, 329),
(62	, 6000	, 371),
(62	, 6300	, 371),
(63	, 6000	, 371),
(63	, 6500	, 371),
(63	, 5550	, 371),
(63	, 5200	, 371),
(63	, 4890	, 371),
(63	, 6020	, 371),
(63	, 5110	, 371),
(63	, 6460	, 371),
(63	, 6680	, 371),
(63	, 6870	, 371),
(63	, 5400	, 371),
(63	, 6600	, 371),
(64	, 6000	, 348),
(65	, 6000	, 347),
(66	, 6000	, 385),
(66	, 6500	, 385),
(66	, 6290	, 385),
(67	, 6000	, 167),
(68	, 6000	, 178),
(69	, 6000	, 239),
(70	, 6000	, 341),
(70	, 6500	, 341),
(70	, 4420	, 341),
(70	, 4220	, 341),
(70	, 3350	, 341),
(70	, 4780	, 341),
(70	, 4810	, 341),
(70	, 4880	, 341),
(70	, 6710	, 341),
(70	, 6600	, 341),
(71	, 6000	, 158),
(71	, 5130	, 158),
(71	, 4510	, 158),
(71	, 7000	, 158),
(72	, 6000	, 126),
(73	, 6000	, 143),
(73	, 6000	, 126),
(74	, 6000	, 93),
(74	, 5000	, 93),
(75	, 6000	, 128),
(76	, 6000	, 146),
(76	, 6500	, 146),
(77	, 6000	, 151),
(78	, 6000	, 182),
(79	, 6000	, 79),
(80	, 6010	, 261),
(80	, 6300	, 261),
(80	, 6500	, 261),
(80	, 6000	, 261),
(80	, 3880	, 261),
(80	, 4390	, 261),
(80	, 5040	, 261),
(80	, 5500	, 261),
(80	, 6080	, 261),
(80	, 5780	, 261),
(80	, 6320	, 261),
(80	, 4590	, 261),
(80	, 5250	, 261),
(80	, 5840	, 261),
(81	, 6000	, 330),
(82	, 6000	, 276),
(82	, 6500	, 276),
(83	, 6000	, 50),
(84	, 6000	, 152),
(85	, 6000	, 174),
(85	, 6500	, 174),
(85	, 5620	, 174),
(85	, 5280	, 174),
(85	, 4450	, 174),
(85	, 4000	, 174),
(85	, 6800	, 174),
(85	, 5900	, 174),
(85	, 6200	, 174),
(85	, 5370	, 174),
(85	, 4650	, 174),
(85	, 6975	, 174),
(85	, 6675	, 174),
(85	, 5400	, 174),
(86	, 6000	, 214),
(86	, 6150	, 214),
(86	, 6600	, 214),
(86	, 6100	, 214),
(86	, 5500	, 214),
(86	, 5200	, 214),
(87	, 6000	, 264),
(88	, 6000	, 191),
(89	, 6000	, 76),
(89	, 6500	, 76),
(90	, 6000	, 368),
(90	, 6010	, 368),
(90	, 6500	, 368),
(91	, 6000	, 353),
(91	, 6500	, 353),
(91	, 6010	, 353),
(91	, 6300	, 353),
(92	, 6000	, 161),
(93	, 6000	, 287),
(94	, 6000	, 144),
(94	, 6500	, 144),
(95	, 6000	, 185),
(95	, 6500	, 185),
(96	, 6000	, 485),
(97	, 6000	, 349),
(98	, 6000	, 170),
(99	, 6000	, 256),
(100	, 6000	, 246),
(101	, 6000	, 219),
(102	, 6000	, 258),
(103	, 6000	, 569),
(104	, 6000	, 143),
(105	, 6000	, 518),
(105	, 6300	, 518),
(106	, 6000	, 176),
(107	, 6000	, 217),
(108	, 6000	, 357),
(109	, 6000	, 407),
(110	, 6500	, 239),
(110	, 5000	, 239),
(111	, 6000	, 156),
(112	, 6000	, 359),
(113	, 6000	, 317),
(114	, 6000	, 279),
(115	, 6000	, 237),
(116	, 6100	, 160),
(117	, 6000	, 395),
(117	, 5200	, 395),
(117	, 5100	, 395),
(117	, 4700	, 395),
(117	, 4000	, 395),
(117	, 6200	, 395),
(117	, 5000	, 395),
(117	, 4400	, 395),
(117	, 5400	, 395),
(117	, 6500	, 395),
(117	, 6600	, 395),
(117	, 7000	, 395),
(117	, 6300	, 395),
(118	, 6000	, 495),
(118	, 6500	, 495),
(118	, 6800	, 495),
(118	, 3700	, 495),
(118	, 4300	, 495),
(118	, 5500	, 495),
(118	, 6700	, 495),
(118	, 5000	, 495),
(118	, 6300	, 495),
(118	, 4000	, 495),
(118	, 3500	, 495),
(118	, 6400	, 495),
(118	, 7000	, 495),
(118	, 4500	, 495),
(118	, 3600	, 495),
(118	, 5100	, 495),
(118	, 4200	, 495),
(118	, 6600	, 495),
(118	, 3000	, 495),
(118	, 6200	, 495),
(118	, 4100	, 495),
(118	, 6850	, 495),
(118	, 4400	, 495),
(118	, 4250	, 495),
(118	, 5200	, 495),
(118	, 5700	, 495),
(118	, 4700	, 495),
(118	, 3800	, 495),
(119	, 6500	, 218),
(119	, 6000	, 218),
(119	, 5000	, 218),
(120	, 4000	, 316),
(120	, 4150	, 316),
(120	, 4400	, 316),
(120	, 5000	, 316),
(120	, 6000	, 316),
(120	, 6150	, 316),
(120	, 6300	, 316),
(120	, 6500	, 316),
(120	, 6600	, 316),
(120	, 6800	, 316),
(120	, 6900	, 316),
(120	, 7000	, 316),
(121	, 6500	, 416),
(121	, 6000	, 416),
(121	, 6400	, 416),
(121	, 6600	, 416),
(121	, 4000	, 416),
(121	, 5500	, 416),
(121	, 5000	, 416),
(121	, 5200	, 416),
(121	, 6450	, 416),
(121	, 4450	, 416),
(121	, 3500	, 416),
(121	, 7000	, 416),
(121	, 3600	, 416),
(121	, 5400	, 416),
(121	, 4200	, 416),
(121	, 4400	, 416),
(121	, 4500	, 416),
(121	, 3000	, 416),
(121	, 5100	, 416),
(121	, 4700	, 416),
(122	, 6000	, 202),
(122	, 7000	, 202),
(122	, 4000	, 202),
(122	, 5000	, 144),
(123	, 6000	, 155),
(123	, 6500	, 155),
(123	, 7000	, 155),
(123	, 6600	, 155),
(123	, 6800	, 155),
(123	, 6450	, 155),
(124	, 6000	, 162),
(125	, 6000	, 65),
(126	, 6000	, 55),
(127	, 6000	, 84),
(128	, 6000	, 83),
(129	, 6000	, 238),
(130	, 6000	, 108),
(131	, 6500	, 579),
(131	, 4100	, 579),
(131	, 7000	, 579),
(131	, 4500	, 579),
(131	, 4700	, 579),
(131	, 6000	, 579),
(131	, 4000	, 579),
(131	, 4400	, 579),
(131	, 6800	, 579),
(131	, 5500	, 579),
(131	, 4200	, 579),
(131	, 6200	, 579),
(131	, 6600	, 579),
(131	, 5400	, 579),
(131	, 5000	, 579),
(131	, 5800	, 579),
(131	, 6400	, 579),
(131	, 4030	, 579),
(131	, 5200	, 579),
(131	, 6850	, 579),
(131	, 6450	, 579),
(131	, 3200	, 579),
(131	, 5100	, 579),
(131	, 4800	, 579),
(131	, 5600	, 579),
(131	, 3800	, 579),
(131	, 3700	, 579),
(131	, 3500	, 579),
(132	, 6000	, 251),
(133	, 6000	, 151),
(134	, 6000	, 557),
(134	, 6800	, 557),
(134	, 4000	, 557),
(134	, 3600	, 557),
(134	, 5400	, 557),
(134	, 3500	, 557),
(134	, 5000	, 557),
(134	, 6700	, 557),
(134	, 3000	, 557),
(134	, 4600	, 557),
(134	, 6500	, 557),
(134	, 4500	, 557),
(134	, 4400	, 557),
(134	, 7000	, 557),
(134	, 5100	, 557),
(134	, 4200	, 557),
(134	, 4300	, 557),
(134	, 5600	, 557),
(134	, 6400	, 557),
(134	, 3300	, 557),
(134	, 7100	, 557),
(135	, 6000	, 740),
(136	, 6500	, 392),
(137	, 6000	, 299),
(137	, 6500	, 299),
(138	, 6500	, 383),
(139	, 6500	, 319),
(140	, 6000	, 62),
(140	, 6500	, 62),
(140	, 5000	, 62),
(141	, 6000	, 415),
(141	, 6500	, 415),
(142	, 6000	, 76),
(143	, 6000	, 296),
(143	, 5000	, 296),
(143	, 6500	, 296),
(144	, 6000	, 72),
(144	, 5000	, 72),
(144	, 6500	, 72),
(145	, 6000	, 173),
(145	, 6500	, 173),
(146	, 6000	, 69),
(147	, 6000	, 94),
(148	, 6000	, 107),
(149	, 6000	, 119),
(150	, 5000	, 208),
(150	, 6300	, 208),
(150	, 5200	, 208),
(150	, 6500	, 208),
(150	, 6000	, 208),
(150	, 4500	, 208),
(150	, 7000	, 208),
(150	, 6200	, 208),
(150	, 4000	, 208),
(151	, 6000	, 296),
(151	, 6500	, 296),
(152	, 6000	, 167),
(152	, 6500	, 167),
(153	, 6000	, 394),
(154	, 6000	, 218),
(155	, 6000	, 454),
(156	, 6000	, 306),
(156	, 6500	, 306),
(157	, 6000	, 407),
(158	, 7000	, 428),
(158	, 5200	, 427),
(159	, 6000	, 557),
(160	, 6000	, 667),
(161	, 6500	, 588),
(162	, 7000	, 170),
(162	, 6000	, 170),
(162	, 4000	, 170),
(163	, 7000	, 155),
(163	, 6000	, 155),
(164	, 6500	, 344),
(164	, 5300	, 344),
(164	, 5500	, 344),
(164	, 6000	, 344),
(164	, 6100	, 344),
(164	, 7000	, 344),
(165	, 6500	, 391),
(166	, 6500	, 433),
(167	, 6500	, 468),
(167	, 6000	, 468),
(168	, 6500	, 400),
(168	, 6000	, 400),
(168	, 6800	, 400),
(168	, 6700	, 400),
(168	, 5900	, 400),
(169	, 6500	, 349),
(169	, 6000	, 349),
(170	, 6500	, 142),
(171	, 6500	, 137),
(171	, 6000	, 137),
(171	, 6500	, 137),
(172	, 6000	, 68),
(172	, 6500	, 68),
(172	, 6000	, 68),
(173	, 6500	, 258),
(174	, 6500	, 253),
(175	, 6500	, 58),
(176	, 6500	, 92),
(177	, 6500	, 372),
(178	, 6500	, 460),
(179	, 6500	, 481),
(180	, 6500	, 403),
(180	, 6000	, 403),
(181	, 6500	, 418),
(182	, 6500	, 453),
(183	, 6500	, 400),
(184	, 6500	, 110),
(184	, 6000	, 110),
(185	, 6500	, 381),
(186	, 6500	, 438),
(187	, 6000	, 351),
(187	, 6500	, 351),
(188	, 6000	, 338),
(188	, 6500	, 338),
(189	, 6500	, 592),
(189	, 5000	, 592),
(189	, 7000	, 592),
(189	, 6000	, 592),
(190	, 6500	, 645),
(191	, 6500	, 963),
(192	, 6500	, 556),
(192	, 6000	, 556),
(193	, 6500	, 508),
(194	, 6500	, 205),
(195	, 6500	, 458),
(195	, 6000	, 458),
(196	, 6500	, 336),
(197	, 6500	, 213),
(197	, 6000	, 213),
(198	, 6500	, 168),
(198	, 7000	, 168),
(198	, 6000	, 168),
(199	, 6000	, 162),
(199	, 6500	, 162),
(200	, 6000	, 206),
(200	, 6500	, 206),
(201	, 6500	, 322),
(201	, 6000	, 322),
(202	, 6000	, 64),
(202	, 6500	, 64),
(203	, 6500	, 0),
(204	, 6500	, 382),
(204	, 7000	, 382),
(204	, 4500	, 382),
(204	, 4000	, 382),
(204	, 6000	, 382),
(205	, 6500	, 410),
(206	, 6500	, 472),
(207	, 6500	, 510),
(208	, 6500	, 439),
(209	, 6500	, 379),
(210	, 6500	, 181),
(211	, 6500	, 317),
(212	, 6500	, 100),
(213	, 6500	, 415),
(214	, 6500	, 490),
(215	, 6500	, 375),
(216	, 6500	, 437),
(216	, 6000	, 437),
(217	, 6500	, 448),
(218	, 6500	, 482),
(218	, 6000	, 482),
(219	, 6500	, 439),
(220	, 6500	, 406),
(220	, 5000	, 406),
(221	, 6500	, 457),
(222	, 6000	, 246),
(223	, 6500	, 218),
(224	, 6500	, 74),
(225	, 6500	, 70),
(226	, 6500	, 179),
(227	, 6500	, 249),
(228	, 6500	, NULL),
(228	, 6500	, 102),
(229	, 6500	, 147),
(230	, 6500	, 131),
(231	, 6500	, NULL),
(231	, 6500	, 224),
(232	, 5500	, 173.538461538462),
(232	, 6500	, 173.538461538462),
(232	, 6500	, 174),
(232	, 6700	, 174),
(232	, 6500	, 188),
(232	, 4400	, 188),
(233	, 6500	, 167.076923076923),
(233	, 5500	, 167.076923076923),
(233	, 6500	, 167),
(233	, 6700	, 167),
(233	, 6500	, 181),
(233	, 4400	, 181),
(234	, 6500	, 152.307692307692),
(234	, 6500	, 152),
(234	, 6500	, 165),
(235	, 6500	, 230.769230769231),
(235	, 6500	, 231),
(235	, 6500	, 250),
(236	, 6500	, 190.769230769231),
(236	, 6500	, 191),
(236	, 5500	, 191),
(236	, 6500	, 207),
(237	, 6500	, 269.230769230769),
(237	, 6500	, 269),
(237	, 6000	, 269),
(237	, 6500	, 292),
(238	, 6500	, 370.769230769231),
(238	, 6500	, 371),
(238	, 6500	, 372),
(239	, 6500	, 181.076923076923),
(239	, 6500	, 181),
(240	, 6500	, 246.923076923077),
(240	, 6500	, 247),
(240	, 7000	, 247),
(241	, 6500	, 168),
(241	, 6500	, 168),
(241	, 7000	, 168),
(242	, 6500	, 170.769230769231),
(243	, 6500	, 240),
(243	, 6500	, 240),
(244	, 6500	, 67.6923076923077),
(244	, 6500	, 68),
(245	, 6500	, 81.2307692307692),
(245	, 6500	, 81),
(246	, 6500	, 180),
(246	, 6500	, 195),
(247	, 6500	, 103.384615384615),
(247	, 6000	, 104),
(247	, 6500	, 104),
(247	, 6500	, 112),
(248	, 6500	, 194.769230769231),
(248	, 6500	, 195),
(248	, 6500	, 211),
(249	, 6500	, 113.538461538462),
(249	, 6500	, 114),
(249	, 6500	, 123),
(250	, 6500	, 152.307692307692),
(251	, 6500	, 261.538461538462),
(251	, 6500	, 261),
(252	, 6500	, 279.692307692308),
(252	, 6500	, 280),
(252	, 6500	, 303),
(253	, 6500	, 206.769230769231),
(253	, 6500	, 207),
(253	, 6500	, 224),
(254	, 6500	, 184.615384615385),
(254	, 6500	, 185),
(255	, 6500	, 173.846153846154),
(255	, 6500	, 174),
(255	, 6000	, 174),
(256	, 6500	, 187),
(257	, 6500	, 284),
(258	, 6500	, 299),
(258	, 5500	, 299),
(259	, 6500	, 480),
(260	, 6500	, 226),
(261	, 6500	, 217),
(261	, 6500	, 217),
(262	, 6500	, 168),
(262	, 6500	, 168),
(263	, 6500	, 280),
(264	, 6000	, 219),
(264	, 6500	, 219),
(265	, 6500	, 112),
(266	, 6500	, 98),
(267	, 6500	, 286),
(268	, 6500	, 188),
(269	, 6000	, 264),
(269	, 6500	, 264),
(270	, 6000	, 152),
(270	, 6500	, 152),
(271	, 6000	, 251),
(271	, 6500	, 251),
(272	, 6000	, 152),
(273	, 6000	, 155),
(273	, 6500	, 155),
(273	, 7000	, 155),
(274	, 6000	, 271),
(274	, 6500	, 271),
(274	, 7000	, 271),
(274	, 6500	, 201),
(274	, 6000	, 201),
(275	, 6000	, 201),
(275	, 6500	, 201),
(275	, 7000	, 201),
(275	, 6500	, 271),
(275	, 6000	, 271),
(276	, 6500	, 371),
(276	, 6500	, 231),
(276	, 6600	, 231),
(277	, 6500	, 281),
(277	, 6600	, 281),
(278	, 6000	, 371),
(278	, 6500	, 371),
(278	, 6500	, 325),
(278	, 6600	, 325),
(279	, 6000	, 281),
(280	, 6000	, 325),
(281	, 6500	, 270),
(281	, 6500	, 331),
(282	, 6500	, 331),
(282	, 6500	, 294),
(282	, 6000	, 331),
(283	, 6500	, 271),
(284	, 6500	, 307),
(285	, 6000	, 270),
(285	, 6500	, 270),
(286	, 6500	, 141),
(287	, 6500	, 136),
(288	, 6500	, 244),
(289	, 6500	, 325),
(290	, 6000	, 178),
(290	, 6500	, 0),
(291	, 6000	, 165),
(291	, 6500	, 0),
(292	, 6500	, 191),
(293	, 6500	, 236),
(294	, 6500	, 236),
(295	, 6500	, 372),
(296	, 6500	, 247),
(297	, 6500	, 248),
(298	, 6500	, 207),
(299	, 6500	, 187),
(300	, 6500	, 241),
(301	, 6500	, 242),
(302	, 6500	, 203),
(303	, NULL	, NULL),
(304	, 6000	, NULL),
(305	, 6000	, 347),
(305	, 6500	, 347),
(306	, NULL	, NULL),
(307	, 6000	, 66),
(308	, 6000	, 112),
(309	, 6000	, 44),
(310	, NULL	, NULL),
(311	, NULL	, NULL),
(312	, 6000	, 0),
(312	, 6000	, 212),
(313	, 6000	, 249),
(314	, 6000	, 272),
(315	, 6000	, 306),
(316	, 6000	, 272),
(317	, 6000	, 306),
(318	, 6000	, 150),
(318	, 6000	, 151),
(319	, 6000	, 149),
(320	, 6000	, 82),
(321	, 6000	, 353),
(322	, 6000	, 240),
(323	, 4500	, 427),
(324	, 4500	, 494),
(324	, 6000	, 494),
(325	, 6000	, 157),
(326	, 6000	, 111),
(327	, 6000	, 100),
(328	, 6000	, 277),
(329	, 6000	, 262),
(330	, 6000	, 371),
(331	, 6000	, 266),
(332	, 6000	, 332),
(333	, 6000	, 333),
(334	, 6000	, 316),
(335	, 6200	, 141),
(336	, 6000	, 333),
(336	, 6000	, 327),
(337	, 6000	, 242),
(338	, 6000	, 118),
(339	, 6000	, 167),
(340	, 6000	, 254),
(341	, 4500	, 303),
(342	, 6000	, 189),
(343	, 5050	, 323),
(344	, 6000	, 300),
(345	, 4300	, 127),
(345	, 6500	, 127),
(345	, 6200	, 127),
(345	, 4980	, 127),
(345	, 3760	, 127),
(345	, 4370	, 127),
(345	, 6100	, 127),
(345	, 6000	, 127),
(345	, 4400	, 127),
(346	, 4100	, 102),
(346	, 6100	, 102),
(346	, 7100	, 102),
(346	, 5100	, 102),
(346	, 6000	, 102),
(346	, 7050	, 102),
(347	, 4980	, 148),
(347	, 6000	, 148),
(347	, 3760	, 148),
(347	, 4370	, 148),
(348	, 6000	, 239),
(348	, 6300	, 239),
(349	, 6500	, 288),
(350	, 5100	, 377),
(350	, 6000	, 377),
(351	, 6200	, 148),
(351	, 4980	, 148),
(352	, 6000	, 156),
(352	, 7100	, 156),
(352	, 7050	, 156),
(352	, 7000	, 156),
(352	, 5100	, 156),
(352	, 5900	, 156),
(353	, 6100	, 120),
(353	, 4100	, 120),
(353	, 5100	, 120),
(354	, 5900	, 118),
(355	, 5900	, 162),
(356	, 6000	, 279),
(357	, 6000	, 265),
(358	, 4100	, 118),
(358	, 6100	, 118),
(358	, 5100	, 118),
(358	, 7100	, 118),
(358	, 7000	, 118),
(359	, 6000	, 140),
(360	, 6300	, 236),
(360	, 6000	, 236),
(361	, 6300	, 404),
(361	, 6000	, 404),
(362	, 4600	, 85),
(362	, 4640	, 85),
(363	, 5000	, 85),
(363	, 5560	, 85),
(363	, 7000	, 85),
(363	, 4300	, 85),
(363	, 4850	, 85),
(363	, 4380	, 85),
(363	, 4890	, 85),
(364	, 6100	, 300),
(364	, 4100	, 300),
(365	, 5050	, 189),
(365	, 4900	, 189),
(366	, 6300	, 107),
(366	, 6000	, 107),
(367	, 5900	, 104),
(368	, 6100	, 47),
(369	, 6600	, 362),
(369	, 4100	, 362),
(369	, 6100	, 362),
(369	, 3550	, 362),
(369	, 5630	, 362),
(369	, 6000	, 362),
(369	, 4630	, 362),
(369	, 4000	, 362),
(369	, 7000	, 362),
(370	, 6000	, 499),
(370	, 6700	, 499),
(371	, 6000	, 453),
(372	, 6000	, 151),
(373	, 6000	, 227),
(374	, 6000	, 257),
(375	, 6050	, 210),
(376	, 6000	, 307),
(376	, 6300	, 307),
(377	, 6100	, 98),
(377	, 7000	, 98),
(378	, 5510	, 239),
(379	, 5270	, 323),
(380	, 4400	, 239),
(381	, 4400	, 214),
(382	, 5270	, 280),
(382	, 5270	, 276),
(383	, 2227	, 323),
(383	, 2728	, 323),
(383	, 3227	, 323),
(383	, 3270	, 323),
(383	, 3460	, 323),
(383	, 3727	, 323),
(383	, 3770	, 323),
(383	, 3770	, 323),
(383	, 3960	, 323),
(383	, 4000	, 323),
(383	, 4227	, 323),
(383	, 4227	, 323),
(383	, 4500	, 323),
(383	, 4500	, 323),
(383	, 4727	, 323),
(383	, 4727	, 323),
(383	, 4770	, 323),
(383	, 4960	, 323),
(383	, 5500	, 323),
(383	, 5500	, 323),
(383	, 5727	, 323),
(383	, 5727	, 323),
(383	, 6270	, 323),
(383	, 6270	, 323),
(383	, 6500	, 323),
(383	, 6500	, 323),
(383	, 6600	, 323),
(383	, 6900	, 323),
(383	, 6950	, 323),
(384	, 7000	, 252),
(385	, 6000	, 127),
(386	, 5900	, 245),
(386	, 6100	, 245),
(387	, 6000	, 98),
(387	, 5900	, 98),
(388	, 6000	, 126),
(388	, 6070	, 126),
(388	, 6050	, 126),
(388	, 4900	, 126),
(388	, 5500	, 126),
(388	, 5100	, 126),
(388	, 5430	, 126),
(389	, 5450	, 59),
(390	, 2830	, 69),
(390	, 6250	, 69),
(390	, 4400	, 69),
(391	, 5970	, 385),
(391	, 6500	, 385),
(392	, 6000	, 465),
(392	, 6600	, 465),
(392	, 6000	, 465),
(392	, 3280	, 465),
(392	, 3380	, 465),
(392	, 6700	, 465),
(393	, 6800	, 296),
(393	, 6000	, 296),
(393	, 6500	, 296),
(394	, 6300	, 196),
(394	, 6000	, 196),
(394	, 6500	, 196),
(395	, 6300	, 438),
(395	, 6300	, 438),
(396	, 6000	, 696),
(397	, 5100	, 233),
(397	, 6500	, 233),
(398	, 6000	, 364),
(399	, 6000	, 168),
(399	, 6500	, 168),
(400	, 6000	, 236),
(401	, 6000	, 234),
(401	, 6500	, 234),
(402	, 6000	, 169),
(403	, 6000	, 198),
(404	, 6000	, 317),
(404	, 6100	, 317),
(405	, 7100	, 305),
(405	, 5950	, 305),
(406	, 3824	, 88),
(407	, 5900	, 212),
(408	, 5200	, 341),
(409	, 6000	, 354),
(409	, 5100	, 354),
(410	, 6100	, 126),
(411	, 6000	, 205),
(412	, 6000	, 250),
(412	, 6300	, 250),
(412	, 6000	, 250),
(413	, 6400	, 241),
(414	, 6300	, 255),
(414	, 6000	, 255),
(415	, 6100	, 100),
(416	, 7100	, 113),
(416	, 7100	, 113),
(417	, 7050	, 151),
(418	, 6000	, 380),
(419	, 6000	, 242),
(419	, 6000	, 242),
(420	, 6500	, 554),
(421	, 6000	, 317),
(422	, 6000	, 118),
(423	, 5900	, 0),
(423	, 6000	, 95),
(424	, 6000	, 0),
(424	, 6100	, 290),
(425	, 6100	, 169),
(426	, 6000	, 260),
(427	, 6500	, 194),
(427	, 6000	, 194),
(428	, 5000	, 282),
(429	, 6000	, 154),
(430	, 6000	, 166),
(431	, 6800	, 495),
(432	, 6800	, 368),
(433	, 6000	, 128),
(434	, 5900	, 287),
(435	, 5900	, 445),
(435	, 6800	, 445),
(436	, 6400	, 298),
(437	, 6000	, 192),
(437	, 6500	, 193),
(438	, 6500	, 177),
(439	, 6500	, 177),
(440	, 6500	, 258),
(441	, 6500	, 279),
(442	, 6500	, 213),
(443	, 6500	, 224),
(444	, 6500	, 269),
(445	, 6500	, 224),
(445	, 6000	, 224),
(446	, 6500	, 228),
(447	, 6500	, 159),
(448	, 6500	, 246),
(449	, 6500	, 257),
(450	, 6000	, 164),
(450	, 6050	, 164),
(450	, 6900	, 164),
(451	, 5200	, 302),
(451	, 6000	, 302),
(451	, 6050	, 302),
(452	, 6100	, 185),
(452	, 6000	, 185),
(452	, 6050	, 185),
(453	, 6100	, 342),
(453	, 6000	, 342),
(453	, 6050	, 342),
(454	, 6100	, 239),
(455	, 6050	, 338),
(456	, 6000	, 110),
(457	, 6000	, 190),
(458	, 6000	, 177),
(459	, 6050	, 246),
(460	, 6050	, 318),
(461	, 6050	, 390),
(461	, 6050	, 390),
(462	, 4050	, 200),
(462	, 4050	, 200),
(463	, 6050	, 281),
(463	, 4050	, 281),
(464	, 6050	, 364),
(464	, 6050	, 364),
(465	, 4050	, 249),
(466	, 6000	, 277),
(467	, 6000	, 429),
(468	, 6000	, 97),
(469	, 6000	, 210),
(470	, 6000	, 326),
(471	, 6000	, 218),
(472	, 6000	, 320),
(473	, 6000	, 431),
(473	, 6000	, 431),
(473	, 7000	, 431),
(474	, 6500	, 230),
(474	, 6500	, 230),
(474	, 6000	, 230),
(475	, 7000	, 439),
(475	, 4100	, 439),
(475	, 5100	, 439),
(476	, 6100	, 54),
(476	, 6050	, 54),
(477	, 6100	, 263),
(478	, 6000	, 309),
(479	, 6000	, 170),
(480	, 6000	, 368),
(481	, 6000	, 458),
(482	, 6000	, 398),
(483	, 6000	, 481),
(484	, 6000	, 151),
(485	, 6000	, 332),
(486	, 6050	, 126),
(487	, 6050	, 44),
(488	, 6050	, 268),
(488	, 7000	, 268),
(488	, 6000	, 268),
(488	, 5600	, 268),
(489	, 6500	, 186),
(489	, 6100	, 186),
(490	, 7000	, 336),
(490	, 6500	, 336),
(491	, 6000	, 60),
(491	, 5650	, 60),
(491	, 6250	, 60),
(491	, 5800	, 60),
(491	, 5750	, 60),
(492	, 5670	, 404),
(493	, 6100	, 0),
(494	, 6800	, 446),
(495	, 6800	, 405),
(496	, 6800	, 372),
(497	, 6000	, 148),
(498	, 6500	, 168),
(499	, 6500	, 184),
(500	, 6500	, 230),
(501	, 4000	, 56),
(502	, 6000	, 124),
(502	, 6000	, 124),
(503	, 6100	, 217),
(503	, 6000	, 217),
(503	, 5500	, 217),
(504	, 6500	, 189),
(504	, 6000	, 189),
(505	, 6500	, 285),
(506	, 6000	, 202),
(506	, 6000	, 202),
(507	, 5500	, 249),
(507	, 6000	, 249),
(508	, 6500	, 285),
(508	, 6000	, 285),
(509	, 6500	, 277),
(509	, 6000	, 277),
(510	, 5300	, 194),
(510	, 6000	, 194),
(511	, 5300	, 212),
(512	, 6000	, 209),
(513	, 6000	, 208),
(514	, 6000	, 291),
(514	, 6000	, 291),
(515	, 6500	, 317),
(515	, 6000	, 317),
(516	, 6500	, 403),
(516	, 6000	, 403),
(517	, 6500	, 210),
(517	, 6000	, 210),
(518	, 6500	, 325),
(519	, 6000	, 307),
(520	, 6000	, 186),
(521	, 6000	, 123),
(522	, 6000	, 166),
(523	, 6000	, 280),
(524	, 4000	, 279),
(525	, 5200	, 140),
(526	, 5200	, 587),
(526	, 6000	, 587),
(526	, 2250	, 587),
(526	, 6250	, 587),
(526	, 7000	, 587),
(527	, 6350	, 132),
(528	, 5670	, 197),
(528	, 6000	, 197),
(529	, 6500	, 170),
(529	, 6000	, 170),
(530	, 6500	, 190),
(531	, 6500	, 260),
(532	, 6500	, 179),
(533	, 6000	, 280),
(534	, 6000	, 252),
(534	, 6000	, 252),
(535	, 6500	, 117),
(535	, 6000	, 117),
(536	, 6500	, 245),
(537	, 6000	, 138),
(537	, 6050	, 138),
(538	, 6000	, 149),
(539	, 6050	, 414),
(540	, 6000	, 472),
(541	, 6000	, 285),
(542	, 6000	, 547),
(543	, 6000	, 493),
(544	, 6000	, 331),
(545	, 6000	, 193),
(545	, 4050	, 193),
(546	, 6050	, 301),
(547	, 5900	, 162),
(547	, 7100	, 162),
(548	, 5900	, 143),
(549	, 6000	, 121),
(550	, 6000	, 235),
(551	, 6000	, 517),
(551	, 5400	, 517),
(551	, 5200	, 517),
(552	, 6000	, 121),
(552	, 6750	, 121),
(553	, 6700	, 80),
(554	, 6000	, 0),
(554	, 6000	, 95),
(555	, 6050	, 75),
(555	, 4100	, 75),
(555	, 5100	, 75),
(555	, 6100	, 75),
(556	, 7100	, 85),
(556	, 6100	, 85),
(556	, 5100	, 85),
(556	, 4100	, 85),
(557	, 7100	, 100),
(557	, 7100	, 100),
(557	, 6100	, 100),
(557	, 4100	, 100),
(558	, 5100	, 110),
(559	, 6100	, 121),
(559	, 6000	, 121),
(560	, 6100	, 155),
(560	, 6050	, 155),
(561	, 4050	, 134),
(562	, 6100	, 220),
(563	, 4500	, 172),
(564	, 6100	, 220),
(565	, 6050	, 338),
(565	, 4000	, 338),
(565	, 4800	, 338),
(565	, 4900	, 338),
(565	, 6450	, 338),
(565	, 6500	, 338),
(566	, 4620	, 35),
(567	, 6300	, 252),
(567	, 5400	, 252),
(567	, 5200	, 252),
(568	, 6000	, 386),
(568	, 6000	, 386),
(569	, 7050	, 411),
(570	, 6300	, 695),
(571	, 6200	, 219),
(571	, 5550	, 219),
(571	, 6000	, 219),
(571	, 6100	, 219),
(571	, 6200	, 219),
(571	, 5750	, 219),
(571	, 6550	, 219),
(571	, 5540	, 219),
(571	, 6450	, 219),
(571	, 6700	, 219),
(571	, 5600	, 219),
(571	, 5700	, 219),
(571	, 5800	, 219),
(571	, 6600	, 219),
(571	, 6800	, 219),
(572	, 6500	, 407),
(572	, 6000	, 407),
(572	, 5000	, 407),
(572	, 5600	, 407),
(572	, 6100	, 407),
(572	, 6200	, 407),
(572	, 4930	, 407),
(572	, 5100	, 407),
(572	, 6800	, 407),
(572	, 5550	, 407),
(573	, 6500	, 405),
(573	, 6000	, 405),
(573	, 5000	, 405),
(573	, 5600	, 405),
(573	, 5100	, 405),
(573	, 6450	, 405),
(573	, 6700	, 405),
(573	, 5550	, 405),
(573	, 5800	, 405),
(574	, 6200	, 700),
(574	, 6150	, 700),
(575	, 6000	, 177),
(576	, 5100	, 329),
(576	, 6000	, 329),
(576	, 6320	, 329),
(577	, 5900	, 261),
(577	, 6000	, 261),
(578	, 6180	, 226),
(578	, 6000	, 226),
(579	, 6320	, 321),
(580	, 6100	, 178),
(581	, 6000	, 289),
(581	, 6000	, 289),
(581	, 7000	, 289),
(581	, 5000	, 289),
(581	, 5100	, 289),
(581	, 6100	, 289),
(581	, 7050	, 289),
(581	, 4100	, 289),
(582	, 7100	, 312),
(582	, 2815	, 312),
(582	, 3815	, 312),
(582	, 4000	, 312),
(582	, 4815	, 312),
(582	, 4915	, 312),
(582	, 5000	, 312),
(582	, 5660	, 312),
(582	, 5700	, 312),
(582	, 6000	, 312),
(582	, 6050	, 312),
(583	, 6600	, 367),
(584	, 6000	, 174),
(584	, 6000	, 174),
(585	, 6040	, 422),
(586	, 6000	, 121),
(586	, 6000	, 121),
(586	, 6100	, 121),
(586	, 4100	, 121),
(586	, 7100	, 121),
(587	, 5100	, 468),
(588	, 6000	, 361),
(589	, 6000	, 466),
(589	, 6000	, 466),
(590	, 6500	, 763),
(590	, 6100	, 763),
(590	, 5300	, 763),
(590	, 5500	, 763),
(591	, 4500	, 313),
(591	, 5300	, 313),
(592	, 6000	, 626),
(592	, 5300	, 626),
(593	, 6000	, 56),
(593	, 6000	, 56),
(594	, 6100	, 110),
(594	, 6000	, 110),
(595	, 6050	, 196),
(596	, 6500	, 167),
(597	, 6500	, 258),
(598	, 6500	, 295),
(599	, 6000	, 136),
(599	, 7000	, 136),
(599	, 4000	, 136),
(599	, 4500	, 136),
(599	, 5000	, 136),
(599	, 6000	, 136),
(599	, 6050	, 136),
(599	, 7010	, 136),
(599	, 5500	, 136),
(600	, 7050	, 155),
(601	, 6000	, 1405),
(602	, 6000	, 320),
(603	, 3500	, 199),
(603	, 3500	, 199),
(604	, 7000	, 0),
(604	, 6000	, 227),
(605	, 6500	, 217),
(606	, 6000	, 146),
(607	, 6000	, 161),
(608	, 6000	, 486),
(608	, 6450	, 486),
(609	, 6000	, 192),
(610	, 6000	, 314),
(611	, 6000	, 118),
(612	, 5000	, 118),
(613	, 5000	, 118),
(614	, 6000	, 117),
(615	, 6000	, 183),
(616	, 6000	, 185),
(617	, 6000	, 369),
(618	, 6000	, 108),
(619	, 6000	, 91),
(620	, 6000	, 607),
(621	, 6000	, 313),
(621	, 6000	, 313),
(622	, 5900	, 115),
(623	, 6000	, 145),
(624	, 6000	, 188),
(625	, 6000	, 265),
(626	, 5950	, 239),
(626	, 6000	, 239),
(627	, 4400	, 370),
(628	, 6000	, 164),
(629	, 6000	, 283),
(630	, 6000	, 186),
(631	, 6000	, 246),
(631	, 6500	, 246),
(632	, 6000	, 506),
(632	, 6000	, 506),
(633	, 4050	, 312),
(633	, 6000	, 312),
(634	, 4050	, 201),
(635	, 6000	, 163),
(636	, 6000	, 186),
(637	, 6000	, 147),
(638	, 6000	, 240),
(638	, 5500	, 240),
(639	, 5100	, 360),
(639	, 5100	, 360),
(639	, 5500	, 360),
(640	, 6700	, 325),
(641	, 6500	, 279),
(642	, 6500	, 481),
(643	, 6000	, 366),
(643	, 5100	, 366),
(644	, 6000	, 103),
(644	, 6000	, 103),
(645	, 6050	, 100),
(645	, 6000	, 100),
(646	, 6050	, 257),
(647	, 6000	, 449),
(648	, 5800	, 357),
(649	, 5800	, 529),
(650	, 5800	, 555),
(650	, 5800	, 555),
(651	, 6000	, 209),
(652	, 5800	, 103),
(653	, 5800	, 151),
(654	, 6000	, 269),
(654	, 6000	, 269),
(654	, 5000	, 269),
(655	, 5200	, 545),
(655	, 5000	, 545),
(656	, 6800	, 136),
(657	, 6500	, 169),
(658	, 6500	, 184),
(659	, 6500	, NULL),
(660	, 6000	, 251),
(661	, 6000	, 169),
(662	, 6000	, 213),
(663	, 6500	, 205),
(664	, 6500	, 111),
(664	, 6050	, 111),
(665	, 3050	, 157),
(666	, 6000	, 128),
(667	, 6000	, 410),
(668	, 6000	, 349),
(668	, 6000	, 349),
(668	, 6500	, 184),
(669	, 6500	, 415),
(669	, 6000	, 415),
(670	, 6500	, 170),
(670	, 6500	, 213),
(671	, 6500	, 410),
(672	, 6000	, 116),
(673	, 6500	, 210),
(674	, 6000	, 231),
(675	, 6000	, 213),
(676	, 6000	, 247),
(677	, 6000	, 272),
(678	, 6000	, 306),
(679	, 6000	, 272),
(680	, 6000	, 306),
(681	, 6000	, 150.6),
(682	, 6000	, 149),
(683	, 6000	, 82),
(684	, 6000	, 295),
(685	, 6000	, 353),
(686	, 6000	, 240),
(687	, 6000	, 494),
(688	, 6000	, 214),
(689	, 6000	, 407),
(690	, 6000	, 157),
(691	, 6000	, 111),
(692	, 6000	, 100),
(693	, 6000	, 277),
(694	, 6000	, 273),
(695	, 6000	, 371),
(696	, 6000	, 266.67),
(697	, 6000	, 332),
(698	, 6000	, 333),
(699	, 6000	, 209),
(700	, 6000	, 399.33),
(701	, 6000	, 406),
(702	, 6000	, 141),
(703	, 6200	, 333.33),
(704	, 6000	, 241.7),
(705	, 6000	, 118),
(706	, 6000	, 166.7),
(707	, 6000	, 254),
(708	, 6000	, 303),
(709	, 4500	, 101),
(710	, 6000	, 144),
(711	, 6000	, 323),
(712	, 5000	, 300),
(713	, 5870	, 127),
(713	, 6200	, 127),
(713	, 4370	, 127),
(714	, 4980	, 102),
(714	, 6100	, 102),
(715	, 4100	, 148),
(715	, 4370	, 148),
(716	, 4980	, 239),
(717	, 6000	, 288.33),
(718	, 6000	, 229),
(719	, 6000	, 216),
(720	, 6000	, 297),
(721	, 5500	, 189),
(722	, 6000	, 252),
(723	, 4900	, 148),
(723	, 4980	, 148),
(724	, 6200	, 156),
(724	, 6500	, 156),
(725	, 7100	, 118),
(726	, 5900	, 162),
(727	, 5900	, 379),
(728	, 6000	, 265),
(729	, 6000	, 118),
(729	, 4100	, 118),
(730	, 7100	, 140),
(731	, 6000	, 236),
(732	, 6000	, 404),
(733	, 6000	, 99),
(734	, 6000	, 85),
(735	, 4600	, 85),
(736	, 5000	, 300),
(737	, 6100	, 189),
(738	, 5050	, 107),
(739	, 6000	, 177),
(740	, 6000	, 88),
(741	, 6000	, 47),
(742	, 6100	, 362),
(742	, 4100	, 362),
(742	, 6100	, 362),
(742	, 6200	, 362),
(743	, 6500	, 151),
(744	, 6000	, 402),
(745	, 6000	, 369),
(746	, 6000	, 227),
(747	, 6000	, 178),
(748	, 6000	, 307),
(749	, 6000	, 184),
(750	, NULL	, 98),
(751	, 6100	, 494),
(752	, 5510	, 323),
(752	, 5270	, 323),
(753	, 6600	, 239),
(754	, 6300	, 214),
(755	, 4400	, 280),
(383	, 5270	, 323),
(756	, 5900	, 127),
(757	, 6100	, 245),
(758	, 5900	, 98),
(759	, 2500	, 126),
(760	, 6254	, 59),
(761	, 5970	, 69),
(762	, 6000	, 303.33),
(763	, 6500	, 385),
(764	, 4500	, 141),
(765	, 4500	, 258),
(766	, 6600	, 465),
(767	, 5000	, 181),
(768	, 6000	, 275),
(769	, 6000	, 296),
(770	, 6000	, 196),
(771	, 6000	, 438),
(772	, 4000	, 696),
(772	, 6100	, 696),
(773	, 6100	, 195),
(774	, 6000	, 233),
(775	, 6000	, 364),
(776	, 6000	, 168),
(776	, 6500	, 168),
(777	, 6000	, 236),
(778	, 6000	, 234),
(779	, 6000	, 169),
(780	, 6000	, 69),
(781	, 6000	, 198),
(782	, 6000	, 317),
(783	, 6000	, 195),
(784	, 6000	, 220),
(785	, 6000	, 153),
(786	, 6000	, 126),
(787	, 6450	, 205),
(788	, 5650	, 250),
(789	, 6000	, 241),
(790	, 6800	, 255),
(791	, 7100	, 100),
(792	, 7100	, 113),
(793	, 6000	, 151),
(794	, 6000	, 380),
(795	, 6000	, 242),
(796	, 5900	, 118),
(797	, 6000	, 95),
(798	, 6600	, 290),
(798	, 6100	, 290),
(799	, 6000	, 154),
(800	, 6800	, 166),
(801	, 4800	, 495),
(801	, 6800	, 495),
(801	, 3800	, 495),
(802	, 6000	, 368),
(803	, 5900	, 128),
(804	, 6000	, 287),
(805	, 6800	, 445),
(806	, 6000	, 298),
(807	, 6500	, 192),
(808	, 6500	, 177),
(809	, 6500	, 177),
(810	, 6500	, 258),
(811	, 6500	, 158),
(812	, 6500	, 213),
(813	, 6500	, 224),
(814	, 6500	, 269),
(815	, 6500	, 224),
(816	, 6500	, 228),
(817	, 6500	, 159),
(818	, 6500	, 246),
(819	, 6098	, 343),
(820	, 4065	, 261),
(821	, 6200	, 490),
(822	, 6200	, 567),
(823	, 6000	, 164),
(823	, 6050	, 164),
(824	, 6000	, 302),
(825	, 6000	, 185),
(826	, 6000	, 342),
(827	, 6000	, 239),
(828	, 6000	, 338),
(829	, 6000	, 314),
(830	, 6000	, 268),
(831	, 6000	, 230),
(832	, 6000	, 200),
(833	, 6000	, 171),
(834	, 6000	, 127),
(835	, 6000	, 332),
(836	, 6000	, 188),
(837	, 6000	, 160),
(838	, 6000	, 190),
(839	, 6000	, 177),
(840	, 6000	, 246),
(841	, 6000	, 318),
(842	, 6000	, 390),
(843	, 6050	, 281),
(844	, 6050	, 364),
(845	, 6000	, 249),
(846	, 6000	, 277),
(847	, 5700	, 429),
(848	, 5700	, 297),
(849	, 6000	, 431),
(849	, 7000	, 431),
(850	, 6000	, 230),
(850	, 7000	, 230),
(851	, 6000	, 439),
(852	, 6000	, 54),
(853	, 6000	, 170),
(854	, 6000	, 157),
(854	, 5930	, 157),
(855	, 6000	, NULL),
(856	, 6000	, NULL),
(857	, 6000	, 368),
(858	, 6000	, 143),
(859	, 6000	, 354),
(860	, 6000	, 458),
(861	, 6000	, 455),
(862	, 6000	, 398),
(863	, 6000	, 481),
(864	, 6000	, 151),
(865	, 6000	, 332),
(865	, 6050	, 332),
(866	, 6000	, 126),
(866	, 6050	, 126),
(867	, 6000	, 482),
(868	, 6000	, 268),
(869	, 6000	, 186),
(869	, 6100	, 186),
(870	, 6000	, 353),
(871	, 6500	, 336),
(872	, 6000	, 309),
(873	, 6000	, 230),
(874	, 6000	, 215),
(875	, 6000	, 285.4),
(876	, 6000	, 260),
(877	, 6800	, 85),
(878	, 6800	, 73),
(879	, 6000	, 257),
(880	, 6000	, 405),
(881	, 6000	, 372),
(882	, 6000	, 148),
(883	, 6000	, 168),
(884	, 6000	, 184),
(885	, 6000	, 160),
(886	, 6000	, 230),
(887	, 6000	, 56),
(888	, 6000	, 53),
(889	, 6000	, 217),
(890	, 6000	, 189),
(891	, 6000	, 285),
(892	, 6000	, 202),
(893	, 6000	, 249),
(893	, 6500	, 249),
(894	, 6000	, 285),
(894	, 6500	, 285),
(895	, 6000	, 274),
(896	, 6000	, 277),
(897	, 6000	, 194),
(898	, 6000	, 291),
(898	, 6500	, 291),
(899	, 6000	, 317),
(900	, 6000	, 403),
(901	, 6000	, 210),
(902	, 6000	, 186),
(903	, 6000	, 123),
(904	, 6000	, 166),
(905	, 6000	, 140),
(906	, 6000	, 252),
(907	, 6000	, 117),
(908	, 6000	, 414),
(909	, 6000	, 472),
(910	, 6000	, 285),
(911	, 6000	, 547),
(912	, 6000	, 493),
(913	, 6000	, 331),
(914	, 6000	, 193),
(915	, 6000	, 162),
(916	, 6000	, 479),
(917	, 6000	, 354),
(918	, 6000	, NULL),
(919	, 6000	, 236),
(920	, 6000	, 298),
(921	, 6000	, 214),
(922	, 6000	, 274),
(923	, 6000	, NULL),
(924	, 6000	, 235),
(925	, 5400	, NULL),
(926	, 6000	, 664),
(927	, 6000	, 608),
(928	, 4100	, 85),
(928	, 5100	, 85),
(929	, 5100	, 100),
(929	, 6100	, 100),
(930	, 6000	, 161),
(931	, 6000	, 178),
(932	, 6000	, 80),
(933	, 6000	, 150),
(934	, 6000	, 440),
(935	, 6000	, 387),
(936	, 6000	, 422),
(937	, 6000	, 255),
(938	, 6000	, 202),
(939	, 6000	, 497),
(940	, 6000	, 252),
(941	, 6000	, 185),
(942	, 6000	, 92),
(943	, 5500	, 338),
(944	, 6000	, 239),
(945	, 6000	, 338),
(946	, 6000	, 323),
(947	, 6000	, 102),
(948	, 6000	, 311),
(948	, 5800	, 311),
(948	, 5700	, 311),
(948	, 5900	, 311),
(949	, 6000	, 343),
(950	, 6000	, 406),
(951	, 6000	, 240),
(952	, 6000	, 231),
(953	, 6000	, 713),
(954	, 6000	, 364),
(955	, 6000	, 492),
(956	, 6000	, 206),
(957	, 5400	, 252),
(958	, 6000	, 386),
(958	, 7100	, 386),
(959	, 6000	, 141),
(960	, 6000	, 72),
(961	, 6000	, 96),
(962	, 6000	, 288),
(962	, 6400	, 288),
(963	, 6000	, 411),
(963	, 6300	, 411),
(964	, 6200	, 695),
(965	, 6300	, 219),
(966	, 6200	, 407),
(967	, 6000	, 405),
(968	, 6150	, 700),
(969	, 6000	, 321),
(970	, 1688	, 174),
(971	, 6000	, 118),
(972	, 6000	, 117),
(973	, 6000	, 183),
(974	, 6000	, 185),
(975	, 6000	, 369),
(976	, 6000	, 108),
(977	, 6000	, 91),
(978	, 5800	, 265),
(979	, 5800	, 210),
(980	, 5800	, 238),
(981	, 4880	, 647),
(982	, 6500	, 148),
(983	, 6500	, 260),
(984	, 6500	, 195),
(985	, 6000	, 279),
(986	, 6000	, 199),
(986	, 5100	, 199),
(986	, 6100	, 199),
(987	, 6000	, 119),
(988	, 6000	, 263),
(989	, 6000	, 179),
(989	, 5000	, 179),
(990	, 6000	, 80),
(991	, 6000	, 120),
(992	, 6000	, 160),
(993	, 6000	, 160),
(994	, 6000	, 279),
(995	, 6000	, 199),
(996	, 6000	, 119),
(997	, 6000	, 263),
(998	, 6000	, 380),
(998	, 7000	, 380),
(998	, 4500	, 380),
(998	, 5600	, 380),
(998	, 5000	, 380),
(998	, 4000	, 380),
(999	, 6000	, 100),
(1000	, 6000	, 104),
(1001	, 6000	, 119),
(1002	, 6000	, 200),
(1002	, 4700	, 200),
(1002	, 4450	, 200),
(1002	, 5100	, 200),
(1002	, 6300	, 200),
(1003	, 6000	, 200),
(1003	, 6080	, 200),
(1003	, 4600	, 200),
(1003	, 4000	, 200),
(1003	, 5050	, 200),
(1003	, 5500	, 200),
(1003	, 6650	, 200),
(1004	, 6000	, 200),
(1005	, 6000	, 200),
(1006	, 6000	, 240),
(1006	, 4800	, 240),
(1007	, 6000	, 260),
(1008	, 6000	, 232),
(1008	, 5750	, 232),
(1008	, 5600	, 232),
(1009	, 6500	, 210),
(1010	, 6500	, 300),
(1010	, 6000	, 300),
(1011	, 6000	, 120),
(1011	, 6300	, 120),
(1012	, 6000	, 160),
(1013	, 6000	, 200),
(1014	, 6000	, 240),
(1015	, 6000	, 380),
(1016	, 6000	, 100),
(1017	, 6000	, 104),
(1018	, 6000	, 119),
(1019	, 6000	, 200),
(1020	, 6000	, 200),
(1021	, 6000	, 200),
(1022	, 6000	, 200),
(1023	, 6000	, 240),
(1024	, 6000	, 260),
(1025	, 6000	, 50),
(1026	, 6000	, 120),
(1027	, 6000	, 239),
(1028	, 6000	, 465),
(1029	, 6000	, 79),
(1030	, 6000	, 160),
(1030	, 7000	, 160),
(1031	, 6000	, 120),
(1032	, 6000	, 80),
(1033	, 6000	, 120),
(1033	, 4600	, 120),
(1033	, 3600	, 120),
(1034	, 6000	, 120),
(1035	, 6000	, 160),
(1036	, 6000	, 200),
(1036	, 6200	, 200),
(1037	, 6000	, 320),
(1038	, 6000	, 400),
(1038	, 6200	, 400),
(1039	, 5200	, 200),
(1039	, 6200	, 200),
(1040	, 6500	, 140),
(1041	, 5800	, 76),
(1042	, 6000	, 160),
(1043	, 6000	, 160),
(1044	, 6000	, 120),
(1045	, 6000	, 80),
(1046	, 6000	, 120),
(1047	, 6000	, 120),
(1048	, 6000	, 200),
(1049	, 6500	, 320),
(1050	, 6000	, 400);